grid_id,building_count
0_52,87
0_53,49
100_10,27
100_11,294
100_12,379
100_13,797
100_14,857
100_15,665
100_16,917
100_17,500
100_18,461
100_19,417
100_20,373
100_21,448
100_22,56
100_23,135
100_6,11
100_7,184
100_8,623
100_9,542
101_10,462
101_11,223
101_12,72
101_13,522
101_14,808
101_15,836
101_16,751
101_17,214
101_18,457
101_19,504
101_20,300
101_21,452
101_22,34
101_23,41
101_24,95
101_25,9
101_8,343
101_9,535
102_10,644
102_11,575
102_12,566
102_13,608
102_14,276
102_15,570
102_16,549
102_17,381
102_18,344
102_19,326
102_20,627
102_21,496
102_22,29
102_23,37
102_8,135
102_9,713
103_10,537
103_11,697
103_12,454
103_13,386
103_14,254
103_15,376
103_16,215
103_17,257
103_18,436
103_19,673
103_20,462
103_21,79
103_22,22
103_23,0
103_8,24
103_9,181
104_10,59
104_11,97
104_12,335
104_13,537
104_14,89
104_15,326
104_16,201
104_17,301
104_18,589
104_19,368
104_9,3
105_12,257
105_13,36
105_14,6
105_16,0
105_17,110
105_18,125
105_19,33
106_18,1
10_18,126
10_19,122
10_20,346
10_21,416
10_22,492
10_23,472
10_24,436
10_25,552
10_26,540
10_27,402
10_28,341
10_29,339
10_30,443
10_31,675
10_32,345
10_33,570
10_34,362
10_35,2
10_36,176
10_37,487
10_38,772
10_39,747
10_40,24
10_41,67
10_42,515
10_43,540
10_44,258
10_45,543
10_46,174
10_47,43
10_48,526
10_49,711
10_50,424
10_51,204
10_52,166
10_53,188
10_54,329
10_55,319
10_56,186
10_57,363
10_58,369
10_59,587
10_60,535
10_61,631
10_62,578
10_63,27
10_64,29
11_20,210
11_21,498
11_22,317
11_23,407
11_24,381
11_25,73
11_26,569
11_27,538
11_28,471
11_29,207
11_30,495
11_31,475
11_32,227
11_33,307
11_34,466
11_35,154
11_36,85
11_37,591
11_38,464
11_39,528
11_40,559
11_41,318
11_42,283
11_43,404
11_44,471
11_45,203
11_46,233
11_47,151
11_48,558
11_49,583
11_50,803
11_51,621
11_52,137
11_53,203
11_54,86
11_55,169
11_56,12
11_57,226
11_58,400
11_59,455
11_60,614
11_61,431
11_62,472
11_63,450
11_64,134
12_19,0
12_20,130
12_21,652
12_22,248
12_23,110
12_24,507
12_25,116
12_26,288
12_27,530
12_28,635
12_29,73
12_30,38
12_31,38
12_32,325
12_33,159
12_34,135
12_35,388
12_36,492
12_37,434
12_38,496
12_39,486
12_40,650
12_41,641
12_42,539
12_43,578
12_44,547
12_45,298
12_46,477
12_47,439
12_48,336
12_49,660
12_50,500
12_51,518
12_52,260
12_53,133
12_54,449
12_55,671
12_56,328
12_57,795
12_58,588
12_59,613
12_60,491
12_61,401
12_62,438
12_63,509
12_64,69
12_65,18
13_20,2
13_21,235
13_22,629
13_23,593
13_24,605
13_25,172
13_26,441
13_27,522
13_28,389
13_29,191
13_30,44
13_31,34
13_32,120
13_33,537
13_34,497
13_35,526
13_36,426
13_37,538
13_38,331
13_39,614
13_40,591
13_41,297
13_42,173
13_43,70
13_44,525
13_45,569
13_46,646
13_47,458
13_48,402
13_49,608
13_50,258
13_51,147
13_52,82
13_53,272
13_54,320
13_55,447
13_56,440
13_57,664
13_58,530
13_59,591
13_60,171
13_61,55
13_62,204
13_63,272
14_21,11
14_22,73
14_23,107
14_24,99
14_25,153
14_26,268
14_27,678
14_28,596
14_29,395
14_30,43
14_31,76
14_32,41
14_33,150
14_34,301
14_35,648
14_36,199
14_37,740
14_38,545
14_39,763
14_40,642
14_41,414
14_42,433
14_43,526
14_44,695
14_45,468
14_46,513
14_47,273
14_48,46
14_49,451
14_50,404
14_51,77
14_52,348
14_53,643
14_54,281
14_55,272
14_56,571
14_57,547
14_58,597
14_59,645
14_60,521
14_61,201
14_62,0
14_63,2
15_23,94
15_24,240
15_25,358
15_26,535
15_27,293
15_28,282
15_29,553
15_30,161
15_31,258
15_32,148
15_33,34
15_34,180
15_35,362
15_36,476
15_37,513
15_38,603
15_39,93
15_40,187
15_41,532
15_42,570
15_43,658
15_44,351
15_45,242
15_46,284
15_47,94
15_48,262
15_49,316
15_50,464
15_51,231
15_52,537
15_53,669
15_54,324
15_55,172
15_56,221
15_57,517
15_58,549
15_59,638
15_60,393
15_61,237
15_62,109
16_20,245
16_21,25
16_23,345
16_24,719
16_25,582
16_26,355
16_27,232
16_28,561
16_29,491
16_30,592
16_31,713
16_32,565
16_33,432
16_34,133
16_35,296
16_36,293
16_37,138
16_38,548
16_39,591
16_40,259
16_41,320
16_42,373
16_43,306
16_44,374
16_45,210
16_46,186
16_47,131
16_48,338
16_49,388
16_50,526
16_51,306
16_52,456
16_53,175
16_54,83
16_55,62
16_56,375
16_57,409
16_58,492
16_59,401
16_60,123
16_61,25
17_19,60
17_20,553
17_21,500
17_22,248
17_23,157
17_24,549
17_25,769
17_26,148
17_27,347
17_28,319
17_29,527
17_30,428
17_31,377
17_32,415
17_33,521
17_34,542
17_35,354
17_36,265
17_37,115
17_38,27
17_39,282
17_40,691
17_41,183
17_42,145
17_43,682
17_44,598
17_45,739
17_46,390
17_47,251
17_48,233
17_49,418
17_50,604
17_51,406
17_52,645
17_53,156
17_54,58
17_55,197
17_56,526
17_57,601
17_58,598
17_59,117
17_60,2
18_19,11
18_20,320
18_21,705
18_22,439
18_23,580
18_24,351
18_25,322
18_26,534
18_27,650
18_28,762
18_29,586
18_30,512
18_31,632
18_32,220
18_33,338
18_34,581
18_35,503
18_36,608
18_37,148
18_38,212
18_39,619
18_40,489
18_41,181
18_42,375
18_43,314
18_44,555
18_45,392
18_46,548
18_47,299
18_48,258
18_49,485
18_50,471
18_51,565
18_52,525
18_53,492
18_54,93
18_55,25
18_56,392
18_57,458
18_58,527
18_59,188
18_60,15
19_20,33
19_21,621
19_22,609
19_23,718
19_24,584
19_25,127
19_26,248
19_27,406
19_28,526
19_29,559
19_30,154
19_31,319
19_32,483
19_33,234
19_34,262
19_35,633
19_36,726
19_37,203
19_38,139
19_39,282
19_40,298
19_41,385
19_42,778
19_43,417
19_44,352
19_45,423
19_46,597
19_47,303
19_48,136
19_49,562
19_50,711
19_51,707
19_52,271
19_53,247
19_54,124
19_55,147
19_56,694
19_57,335
19_58,525
19_59,566
19_60,595
19_61,57
1_52,130
1_53,271
1_57,30
20_21,510
20_22,398
20_23,491
20_24,605
20_25,368
20_26,435
20_27,338
20_28,304
20_29,87
20_30,444
20_31,559
20_32,331
20_33,98
20_34,204
20_35,673
20_36,731
20_37,831
20_38,537
20_39,536
20_40,514
20_41,520
20_42,585
20_43,506
20_44,339
20_45,523
20_46,450
20_47,385
20_48,211
20_49,153
20_50,494
20_51,225
20_52,300
20_53,399
20_54,676
20_55,177
20_56,484
20_57,633
20_58,501
20_59,517
20_60,565
20_61,187
21_21,276
21_22,403
21_23,247
21_24,185
21_25,244
21_26,488
21_27,569
21_28,649
21_29,574
21_30,233
21_31,257
21_32,51
21_33,19
21_34,504
21_35,470
21_36,529
21_37,392
21_38,105
21_39,421
21_40,573
21_41,135
21_42,328
21_43,684
21_44,374
21_45,372
21_46,342
21_47,364
21_48,237
21_49,329
21_50,196
21_51,293
21_52,518
21_53,340
21_54,393
21_55,350
21_56,600
21_57,577
21_58,408
21_59,419
21_60,582
21_61,139
22_21,62
22_22,472
22_23,248
22_24,80
22_25,23
22_26,98
22_27,595
22_28,635
22_29,570
22_30,731
22_31,575
22_32,406
22_33,333
22_34,438
22_35,647
22_36,144
22_37,373
22_38,118
22_39,267
22_40,615
22_41,626
22_42,498
22_43,583
22_44,645
22_45,301
22_46,26
22_47,459
22_48,554
22_49,694
22_50,616
22_51,340
22_52,262
22_53,655
22_54,369
22_55,419
22_56,658
22_57,542
22_58,692
22_59,608
22_60,583
22_61,32
23_12,127
23_13,14
23_22,299
23_23,104
23_24,44
23_25,67
23_26,427
23_27,755
23_28,508
23_29,484
23_30,804
23_31,821
23_32,490
23_33,542
23_34,134
23_35,662
23_37,626
23_38,64
23_39,171
23_40,318
23_41,276
23_42,154
23_43,123
23_44,379
23_45,98
23_46,27
23_47,296
23_48,463
23_49,416
23_50,497
23_51,372
23_52,184
23_53,552
23_54,582
23_55,649
23_56,668
23_57,501
23_58,521
23_59,394
23_60,353
24_12,465
24_13,280
24_19,37
24_22,178
24_23,257
24_24,107
24_25,409
24_26,635
24_27,728
24_28,639
24_29,249
24_30,595
24_31,475
24_32,342
24_33,239
24_34,91
24_35,367
24_36,442
24_37,50
24_38,485
24_39,214
24_40,101
24_41,158
24_42,322
24_43,29
24_44,22
24_45,77
24_46,549
24_47,174
24_48,364
24_49,532
24_50,161
24_51,81
24_52,163
24_53,554
24_54,575
24_55,704
24_56,84
24_57,61
24_58,563
24_59,285
24_60,97
24_61,404
24_62,6
25_10,373
25_11,522
25_12,582
25_13,63
25_18,8
25_19,1
25_20,7
25_21,33
25_22,81
25_23,497
25_24,557
25_25,542
25_26,171
25_27,743
25_28,228
25_29,419
25_30,498
25_31,514
25_32,51
25_33,104
25_34,77
25_35,65
25_36,65
25_37,71
25_38,235
25_39,148
25_40,162
25_41,227
25_42,433
25_43,191
25_44,91
25_45,227
25_46,386
25_47,790
25_48,444
25_49,637
25_50,220
25_51,9
25_52,245
25_53,398
25_54,432
25_55,269
25_56,38
25_57,71
25_58,51
25_59,156
25_60,568
25_61,832
25_62,554
26_10,518
26_11,266
26_12,316
26_13,634
26_14,87
26_18,283
26_19,494
26_20,576
26_21,515
26_22,239
26_23,166
26_24,410
26_25,471
26_26,416
26_27,345
26_28,23
26_29,505
26_30,672
26_31,695
26_32,421
26_33,154
26_34,198
26_35,301
26_36,51
26_37,252
26_38,583
26_39,496
26_40,224
26_41,648
26_42,611
26_43,729
26_44,351
26_45,687
26_46,624
26_47,629
26_48,578
26_49,73
26_50,261
26_51,108
26_52,26
26_53,35
26_54,225
26_55,398
26_56,780
26_57,488
26_58,78
26_59,344
26_60,515
26_61,373
26_62,496
26_63,424
26_64,33
26_8,9
26_9,570
27_10,704
27_11,62
27_12,317
27_13,593
27_14,160
27_17,9
27_18,396
27_19,556
27_20,536
27_21,152
27_22,0
27_23,203
27_24,253
27_25,509
27_26,746
27_27,637
27_28,295
27_29,540
27_30,428
27_31,628
27_32,547
27_33,264
27_34,188
27_35,35
27_36,228
27_37,765
27_38,652
27_39,462
27_40,435
27_41,298
27_42,604
27_43,755
27_44,379
27_45,580
27_46,474
27_47,467
27_48,178
27_49,163
27_50,760
27_51,561
27_52,563
27_53,610
27_54,377
27_55,106
27_56,587
27_57,410
27_58,297
27_59,457
27_60,412
27_61,369
27_62,308
27_63,140
27_8,125
27_9,558
28_10,876
28_11,129
28_12,459
28_13,505
28_14,330
28_17,2
28_18,4
28_19,412
28_20,429
28_21,371
28_22,221
28_23,464
28_24,754
28_25,666
28_26,618
28_27,656
28_28,609
28_29,695
28_30,517
28_31,797
28_32,680
28_33,622
28_34,281
28_35,49
28_36,510
28_37,457
28_38,353
28_39,432
28_40,774
28_41,473
28_42,579
28_43,255
28_44,496
28_45,547
28_46,718
28_47,626
28_48,40
28_49,449
28_50,503
28_51,333
28_52,162
28_53,642
28_54,913
28_55,61
28_56,75
28_57,288
28_58,677
28_59,490
28_60,554
28_61,369
28_62,526
28_63,48
28_7,283
28_8,34
28_9,548
29_10,288
29_11,114
29_12,596
29_13,140
29_14,622
29_15,114
29_16,73
29_17,145
29_18,4
29_19,170
29_20,466
29_21,556
29_22,256
29_23,549
29_24,765
29_25,809
29_26,716
29_27,459
29_28,538
29_29,704
29_30,770
29_31,615
29_32,557
29_33,100
29_34,482
29_35,114
29_36,550
29_37,277
29_38,210
29_39,512
29_40,426
29_41,748
29_42,443
29_43,474
29_44,462
29_45,601
29_46,404
29_47,445
29_48,157
29_49,393
29_50,865
29_51,364
29_52,135
29_53,103
29_54,316
29_55,391
29_56,413
29_57,539
29_58,626
29_59,648
29_60,671
29_61,595
29_62,494
29_63,43
29_64,3
29_8,143
29_9,48
2_33,6
2_35,297
2_51,402
2_52,202
2_53,207
2_55,191
2_56,188
2_57,249
30_10,408
30_11,256
30_12,665
30_13,715
30_14,534
30_15,750
30_16,344
30_17,465
30_18,457
30_19,434
30_20,208
30_21,404
30_22,16
30_23,549
30_24,676
30_25,506
30_26,603
30_27,225
30_28,110
30_29,667
30_30,455
30_31,706
30_32,360
30_33,956
30_34,474
30_35,56
30_36,628
30_37,522
30_38,102
30_39,292
30_40,218
30_41,233
30_42,593
30_43,697
30_44,498
30_45,518
30_46,274
30_47,44
30_48,358
30_49,674
30_50,901
30_51,637
30_52,197
30_53,127
30_54,229
30_55,419
30_56,645
30_57,603
30_58,607
30_59,508
30_60,475
30_61,77
30_62,271
30_63,83
30_64,17
30_65,0
30_9,446
31_10,690
31_11,498
31_12,452
31_13,516
31_14,527
31_15,578
31_16,326
31_17,455
31_18,305
31_19,580
31_20,510
31_21,456
31_22,313
31_23,396
31_24,644
31_25,433
31_26,384
31_27,286
31_28,1142
31_29,1073
31_30,475
31_31,776
31_32,589
31_33,708
31_34,160
31_35,27
31_36,66
31_37,308
31_38,61
31_39,7
31_40,0
31_42,182
31_43,680
31_44,330
31_45,539
31_46,118
31_47,480
31_48,601
31_49,462
31_50,585
31_51,566
31_52,214
31_53,345
31_54,412
31_55,259
31_56,332
31_57,448
31_58,235
31_59,61
31_60,35
31_61,349
31_62,581
31_63,593
31_64,156
31_65,4
32_10,655
32_11,395
32_12,585
32_13,550
32_14,887
32_15,344
32_16,357
32_17,539
32_18,685
32_19,719
32_20,534
32_21,480
32_22,346
32_23,127
32_24,397
32_25,549
32_26,267
32_27,192
32_28,719
32_29,916
32_30,731
32_31,811
32_32,490
32_33,301
32_34,568
32_35,158
32_36,62
32_37,2
32_39,2
32_40,0
32_41,2
32_42,7
32_43,120
32_44,211
32_45,237
32_46,743
32_47,516
32_48,485
32_49,75
32_50,214
32_51,236
32_52,951
32_53,444
32_54,268
32_55,341
32_56,200
32_57,190
32_58,236
32_59,133
32_60,471
32_61,231
32_62,450
32_63,550
32_64,411
32_65,7
32_9,149
33_10,707
33_11,651
33_12,603
33_13,563
33_14,495
33_15,298
33_16,357
33_17,171
33_18,460
33_19,458
33_20,285
33_21,461
33_22,599
33_23,275
33_24,547
33_25,463
33_26,380
33_27,157
33_28,248
33_29,691
33_30,899
33_31,674
33_32,500
33_33,277
33_34,145
33_35,315
33_36,139
33_37,12
33_38,0
33_39,1
33_40,1
33_41,17
33_42,1
33_43,100
33_44,114
33_45,12
33_46,403
33_47,654
33_48,147
33_49,128
33_50,341
33_51,304
33_52,204
33_53,45
33_54,292
33_55,180
33_56,0
33_57,441
33_58,441
33_59,323
33_60,370
33_61,331
33_62,57
33_63,236
33_64,451
33_65,49
33_69,29
33_9,179
34_10,400
34_11,697
34_12,396
34_13,550
34_14,446
34_15,485
34_16,370
34_17,283
34_18,144
34_19,276
34_20,472
34_21,1015
34_22,612
34_23,303
34_24,390
34_25,592
34_26,344
34_27,146
34_28,328
34_29,383
34_30,775
34_31,853
34_32,614
34_33,100
34_34,151
34_35,1175
34_36,494
34_37,538
34_38,82
34_39,5
34_41,3
34_42,282
34_43,704
34_44,457
34_45,59
34_46,229
34_47,291
34_48,101
34_49,294
34_50,269
34_51,319
34_52,2
34_53,5
34_55,3
34_56,66
34_57,334
34_58,411
34_59,378
34_60,566
34_61,534
34_62,17
34_63,0
34_64,0
34_65,10
34_66,35
34_67,21
34_68,6
34_69,281
34_9,17
35_10,430
35_11,726
35_12,663
35_13,641
35_14,189
35_15,516
35_16,338
35_17,462
35_18,190
35_19,149
35_20,452
35_21,343
35_22,492
35_23,432
35_24,308
35_25,705
35_26,174
35_27,233
35_28,304
35_29,449
35_30,781
35_31,695
35_32,126
35_33,147
35_34,367
35_35,544
35_36,928
35_37,739
35_38,31
35_39,5
35_41,18
35_42,572
35_43,701
35_44,278
35_45,97
35_48,165
35_49,454
35_50,540
35_51,419
35_52,13
35_56,24
35_57,30
35_58,611
35_59,137
35_60,431
35_61,222
35_62,5
35_65,321
35_66,177
35_69,117
36_10,486
36_11,611
36_12,387
36_13,218
36_14,87
36_15,510
36_16,383
36_17,430
36_18,352
36_19,351
36_20,611
36_21,122
36_22,152
36_23,64
36_24,91
36_25,203
36_26,245
36_27,307
36_28,313
36_29,19
36_30,278
36_31,652
36_32,301
36_33,889
36_34,965
36_35,834
36_36,865
36_37,983
36_38,343
36_39,360
36_40,715
36_41,358
36_42,708
36_43,918
36_44,375
36_45,375
36_46,590
36_47,312
36_48,129
36_49,138
36_50,95
36_51,298
36_52,188
36_54,9
36_55,72
36_56,458
36_57,53
36_58,71
36_59,14
36_60,17
36_61,38
36_62,33
36_63,83
36_64,121
36_65,391
36_66,351
36_67,291
36_68,19
36_69,213
37_10,437
37_11,445
37_12,409
37_13,414
37_14,107
37_15,487
37_16,563
37_17,498
37_18,106
37_19,391
37_20,681
37_21,1118
37_22,480
37_23,119
37_24,105
37_25,130
37_26,63
37_27,186
37_28,515
37_29,457
37_30,404
37_31,200
37_32,367
37_33,495
37_34,820
37_35,973
37_36,656
37_37,588
37_38,271
37_39,396
37_40,387
37_41,471
37_42,698
37_43,646
37_44,462
37_45,631
37_46,8
37_52,51
37_55,225
37_56,607
37_57,50
37_58,20
37_59,40
37_61,238
37_62,457
37_63,275
37_64,216
37_65,138
37_66,229
37_67,368
37_68,205
37_69,472
37_9,17
38_10,21
38_11,275
38_12,623
38_13,535
38_14,100
38_15,261
38_16,656
38_17,611
38_18,682
38_19,849
38_20,488
38_21,302
38_22,171
38_23,109
38_24,51
38_25,35
38_26,119
38_27,160
38_28,217
38_29,289
38_30,275
38_31,417
38_32,616
38_33,326
38_34,432
38_35,500
38_36,91
38_37,508
38_38,384
38_39,512
38_40,438
38_41,864
38_42,774
38_43,954
38_44,463
38_45,96
38_46,7
38_47,2
38_48,10
38_49,10
38_50,9
38_52,18
38_53,0
38_54,13
38_56,580
38_57,86
38_58,347
38_59,123
38_60,295
38_61,262
38_62,603
38_63,494
38_64,526
38_65,428
38_66,533
38_67,567
38_68,352
38_69,38
39_11,4
39_12,231
39_13,516
39_14,804
39_15,112
39_16,362
39_17,599
39_18,447
39_19,385
39_20,598
39_21,461
39_22,289
39_23,36
39_24,11
39_25,79
39_26,222
39_27,195
39_28,161
39_29,147
39_30,332
39_31,182
39_32,251
39_33,298
39_34,619
39_35,477
39_36,622
39_37,599
39_38,227
39_39,52
39_40,612
39_41,775
39_42,862
39_43,622
39_44,484
39_45,164
39_46,608
39_47,369
39_48,30
39_50,27
39_51,15
39_52,51
39_53,51
39_54,146
39_55,447
39_56,485
39_57,218
39_58,418
39_59,522
39_60,783
39_61,296
39_62,433
39_63,250
39_64,238
39_65,58
39_66,3
39_67,44
39_68,121
3_30,38
3_31,66
3_32,238
3_33,47
3_34,514
3_35,568
3_36,311
3_48,17
3_49,17
3_50,154
3_51,434
3_52,41
3_53,363
3_54,548
3_55,326
3_56,289
3_57,168
40_12,31
40_13,574
40_14,586
40_15,470
40_16,479
40_17,658
40_18,589
40_19,698
40_20,466
40_21,109
40_22,277
40_23,145
40_24,282
40_25,198
40_26,345
40_27,322
40_28,138
40_29,79
40_30,165
40_31,224
40_32,374
40_33,442
40_34,1052
40_35,816
40_36,858
40_37,666
40_38,174
40_39,355
40_40,440
40_41,511
40_42,680
40_43,195
40_44,109
40_45,141
40_46,827
40_47,730
40_48,5
40_49,24
40_50,3
40_51,4
40_52,69
40_55,39
40_56,178
40_57,87
40_58,19
40_59,431
40_60,428
40_61,41
40_62,51
40_64,16
41_12,154
41_13,428
41_14,442
41_15,511
41_16,744
41_17,570
41_18,246
41_19,508
41_20,132
41_21,134
41_22,219
41_23,88
41_24,306
41_25,303
41_26,378
41_27,291
41_28,159
41_29,116
41_30,131
41_31,184
41_32,240
41_33,650
41_34,460
41_35,811
41_36,492
41_37,496
41_38,289
41_39,495
41_40,41
41_41,175
41_42,786
41_43,728
41_44,349
41_45,271
41_46,785
41_47,985
41_48,317
41_50,6
41_51,246
41_54,54
41_55,8
41_57,12
41_59,12
41_60,13
42_12,115
42_13,425
42_14,251
42_15,259
42_16,586
42_17,530
42_18,449
42_19,777
42_20,348
42_21,314
42_22,168
42_23,364
42_24,821
42_25,576
42_26,443
42_27,315
42_28,72
42_29,64
42_30,79
42_31,139
42_32,176
42_33,207
42_34,519
42_35,969
42_36,998
42_37,546
42_38,173
42_39,165
42_40,140
42_41,630
42_42,577
42_43,1070
42_44,766
42_45,895
42_46,679
42_47,779
42_48,116
42_50,440
42_51,670
42_52,291
42_53,208
42_55,25
42_56,39
42_57,16
43_12,147
43_13,560
43_14,680
43_15,169
43_16,503
43_17,478
43_18,505
43_19,855
43_20,508
43_21,415
43_22,505
43_23,433
43_24,432
43_25,370
43_26,254
43_27,298
43_28,102
43_29,127
43_30,62
43_31,81
43_32,64
43_33,269
43_34,416
43_35,552
43_36,729
43_37,177
43_38,61
43_39,33
43_40,35
43_41,452
43_42,711
43_43,871
43_44,899
43_45,598
43_46,694
43_47,548
43_48,283
43_49,409
43_50,871
43_51,534
43_52,432
43_53,423
43_54,395
43_55,4
43_57,22
43_60,11
44_12,745
44_13,729
44_14,732
44_15,38
44_16,419
44_17,295
44_18,192
44_19,77
44_20,480
44_21,333
44_22,400
44_23,812
44_24,742
44_25,736
44_26,381
44_27,122
44_28,169
44_29,145
44_30,71
44_31,166
44_32,189
44_33,96
44_34,217
44_35,111
44_36,517
44_37,449
44_38,259
44_39,59
44_40,262
44_41,385
44_42,562
44_43,691
44_44,703
44_45,760
44_46,687
44_47,401
44_48,337
44_49,165
44_50,241
44_51,358
44_52,268
44_53,248
44_54,79
45_12,301
45_13,457
45_14,664
45_15,324
45_16,512
45_17,384
45_18,337
45_19,341
45_20,251
45_21,295
45_22,497
45_23,1033
45_24,856
45_25,623
45_26,451
45_27,163
45_28,291
45_29,425
45_30,90
45_31,218
45_32,296
45_33,202
45_34,144
45_35,269
45_36,59
45_37,174
45_38,422
45_39,493
45_40,525
45_41,343
45_42,610
45_43,690
45_44,773
45_45,682
45_46,514
45_47,212
45_49,0
45_51,0
45_52,44
45_53,157
46_12,34
46_13,610
46_14,537
46_15,628
46_16,574
46_17,677
46_18,501
46_19,166
46_20,123
46_21,410
46_22,757
46_23,909
46_24,1022
46_25,1240
46_26,287
46_27,439
46_28,315
46_29,127
46_30,88
46_31,118
46_32,63
46_33,241
46_34,528
46_35,278
46_36,32
46_37,161
46_38,441
46_39,426
46_40,726
46_41,251
46_42,491
46_43,581
46_44,653
46_45,623
46_46,426
46_47,6
46_49,0
46_52,0
46_7,157
47_12,252
47_13,386
47_14,533
47_15,546
47_16,223
47_17,374
47_18,416
47_19,441
47_20,444
47_21,673
47_22,895
47_23,557
47_24,608
47_25,263
47_26,254
47_27,751
47_28,732
47_29,411
47_30,199
47_31,1015
47_32,611
47_33,363
47_34,49
47_35,77
47_36,417
47_37,767
47_38,910
47_39,543
47_40,584
47_41,593
47_42,626
47_43,469
47_44,446
47_45,314
47_46,324
47_47,0
47_48,0
47_49,0
47_50,0
47_51,0
47_52,0
47_53,4
47_55,244
47_6,26
48_12,258
48_13,464
48_14,430
48_15,440
48_16,437
48_17,457
48_18,477
48_19,423
48_20,590
48_21,852
48_22,682
48_23,660
48_24,339
48_25,297
48_26,529
48_27,1014
48_28,1112
48_29,610
48_30,604
48_31,869
48_32,1092
48_33,616
48_34,34
48_35,30
48_36,560
48_37,370
48_38,389
48_39,528
48_4,16
48_40,516
48_41,735
48_42,642
48_43,355
48_44,418
48_45,509
48_47,0
48_48,0
48_5,14
48_50,0
48_52,0
48_53,39
48_54,382
48_55,433
48_56,434
48_8,27
49_10,15
49_11,63
49_12,447
49_13,610
49_14,942
49_15,737
49_16,584
49_17,537
49_18,512
49_19,513
49_20,499
49_21,729
49_22,649
49_23,497
49_24,51
49_25,49
49_26,477
49_27,1038
49_28,1126
49_29,933
49_30,689
49_31,1002
49_32,632
49_33,430
49_34,26
49_35,45
49_36,641
49_37,451
49_38,616
49_39,563
49_40,783
49_41,670
49_42,557
49_43,499
49_44,445
49_45,513
49_46,122
49_47,0
49_48,0
49_50,23
49_52,72
49_53,190
49_54,543
49_55,479
49_56,335
49_57,371
49_6,23
49_7,40
49_8,183
49_9,123
4_20,25
4_21,61
4_22,121
4_23,328
4_24,237
4_25,285
4_28,314
4_29,731
4_30,586
4_31,658
4_32,614
4_33,391
4_34,633
4_35,522
4_36,390
4_47,444
4_48,357
4_49,483
4_50,524
4_51,485
4_52,465
4_53,272
4_54,314
4_55,494
4_56,406
4_57,25
50_10,9
50_11,330
50_12,337
50_13,614
50_14,581
50_15,802
50_16,648
50_17,630
50_18,608
50_19,768
50_20,539
50_21,420
50_22,665
50_23,673
50_24,103
50_25,340
50_26,387
50_27,710
50_28,318
50_29,599
50_30,410
50_31,897
50_32,457
50_33,511
50_34,254
50_35,27
50_36,403
50_37,476
50_38,500
50_39,707
50_40,362
50_41,592
50_42,518
50_43,355
50_44,561
50_45,536
50_46,258
50_47,68
50_48,11
50_49,82
50_5,21
50_50,121
50_51,132
50_52,150
50_53,321
50_54,385
50_55,464
50_56,31
50_57,12
50_7,34
50_8,357
50_9,312
51_10,90
51_11,558
51_12,464
51_13,541
51_14,185
51_15,505
51_16,290
51_17,495
51_18,754
51_19,671
51_20,369
51_21,710
51_22,583
51_23,519
51_24,304
51_25,128
51_26,957
51_27,401
51_28,222
51_29,307
51_30,782
51_31,795
51_32,937
51_33,677
51_34,592
51_35,92
51_36,74
51_37,676
51_38,323
51_39,707
51_40,352
51_41,416
51_42,551
51_43,399
51_44,311
51_45,392
51_46,297
51_47,298
51_48,214
51_49,245
51_5,33
51_52,392
51_53,267
51_54,524
51_55,152
51_6,3
51_7,25
51_8,98
51_9,27
52_10,100
52_11,352
52_12,335
52_13,548
52_14,479
52_15,412
52_16,164
52_17,15
52_18,442
52_19,889
52_20,544
52_21,647
52_22,428
52_23,647
52_24,648
52_25,699
52_26,432
52_27,788
52_28,408
52_29,283
52_30,421
52_31,471
52_32,528
52_33,589
52_34,403
52_35,401
52_36,26
52_37,154
52_38,570
52_39,400
52_40,484
52_41,487
52_42,366
52_43,185
52_44,341
52_45,363
52_46,661
52_47,377
52_48,347
52_49,302
52_5,29
52_50,295
52_51,224
52_52,458
52_53,510
52_54,594
52_55,58
52_56,18
52_7,178
52_9,19
53_10,206
53_11,515
53_12,532
53_13,659
53_14,460
53_15,440
53_16,328
53_17,120
53_18,290
53_19,566
53_20,372
53_21,643
53_22,616
53_23,625
53_24,164
53_25,420
53_26,313
53_27,708
53_28,655
53_29,572
53_30,636
53_31,321
53_32,404
53_33,488
53_34,519
53_35,439
53_36,25
53_37,47
53_38,540
53_39,776
53_40,344
53_41,265
53_43,0
53_44,158
53_45,142
53_46,274
53_47,331
53_48,179
53_49,162
53_50,322
53_52,157
53_53,468
53_54,553
53_6,38
53_8,257
54_10,104
54_11,136
54_12,422
54_13,506
54_14,441
54_15,228
54_16,231
54_17,379
54_18,217
54_19,250
54_20,383
54_21,459
54_22,851
54_23,790
54_24,858
54_25,784
54_26,574
54_27,813
54_28,483
54_29,497
54_30,447
54_31,704
54_32,343
54_33,494
54_34,722
54_35,623
54_36,80
54_37,22
54_38,148
54_39,426
54_40,14
54_41,0
54_42,154
54_43,151
54_44,34
54_45,11
54_47,484
54_48,164
54_49,491
54_50,472
54_54,595
54_55,113
54_56,3
54_8,81
55_11,38
55_12,394
55_13,224
55_14,232
55_15,209
55_16,259
55_17,345
55_18,304
55_19,426
55_20,444
55_21,384
55_22,521
55_23,430
55_24,895
55_25,796
55_26,692
55_27,816
55_28,359
55_29,526
55_3,13
55_30,734
55_31,687
55_32,402
55_33,855
55_34,441
55_35,232
55_36,62
55_37,272
55_38,195
55_39,556
55_4,18
55_40,389
55_42,327
55_43,294
55_44,493
55_45,578
55_46,433
55_47,635
55_48,490
55_49,505
55_50,416
55_51,14
55_54,46
55_55,73
55_8,85
55_9,481
56_10,385
56_11,233
56_12,373
56_13,45
56_14,115
56_15,261
56_16,244
56_17,278
56_18,120
56_19,371
56_20,680
56_21,483
56_22,388
56_23,561
56_24,427
56_25,699
56_26,907
56_27,838
56_28,653
56_29,587
56_30,748
56_31,785
56_32,484
56_33,545
56_34,477
56_35,195
56_36,56
56_37,607
56_38,643
56_39,514
56_40,111
56_41,515
56_42,461
56_45,367
56_46,223
56_47,590
56_48,539
56_49,417
56_50,7
56_51,2
56_54,15
56_6,10
56_7,3
56_8,285
56_9,586
57_10,124
57_12,540
57_13,227
57_14,33
57_15,214
57_16,320
57_17,286
57_18,120
57_2,45
57_20,545
57_21,400
57_22,591
57_23,710
57_24,548
57_25,712
57_26,780
57_27,695
57_28,467
57_29,478
57_30,469
57_31,93
57_32,101
57_33,420
57_34,481
57_35,571
57_36,122
57_37,227
57_38,526
57_39,683
57_40,86
57_41,344
57_42,168
57_44,9
57_47,115
57_48,484
57_49,196
57_6,12
57_7,2
57_8,64
57_9,386
58_0,93
58_1,298
58_10,152
58_11,456
58_12,380
58_13,307
58_14,208
58_15,200
58_16,325
58_17,378
58_18,286
58_2,80
58_20,181
58_21,587
58_22,551
58_23,668
58_24,846
58_25,571
58_26,543
58_27,437
58_28,169
58_29,445
58_3,13
58_30,746
58_31,172
58_32,476
58_33,698
58_34,538
58_35,473
58_36,357
58_37,3
58_38,119
58_39,190
58_4,17
58_40,83
58_41,66
58_48,56
58_49,30
58_5,0
59_1,6
59_10,19
59_11,79
59_13,33
59_14,165
59_15,128
59_16,570
59_17,611
59_18,470
59_19,146
59_21,114
59_22,552
59_23,603
59_24,1046
59_25,570
59_26,540
59_27,211
59_28,140
59_29,354
59_30,356
59_31,15
59_32,325
59_33,596
59_34,548
59_35,602
59_36,650
59_37,118
59_38,3
59_39,112
59_4,1
59_40,177
59_41,316
59_42,0
59_43,0
59_46,14
59_47,14
59_48,10
59_49,3
59_5,85
59_6,126
5_20,92
5_21,550
5_22,662
5_23,331
5_24,544
5_25,618
5_26,580
5_27,470
5_28,564
5_29,613
5_30,452
5_31,626
5_32,467
5_33,572
5_34,490
5_35,698
5_37,12
5_46,243
5_47,649
5_48,580
5_49,422
5_50,643
5_51,421
5_52,378
5_53,274
5_54,81
5_55,233
5_56,223
5_57,196
5_58,118
5_59,385
5_60,16
60_11,12
60_13,74
60_14,180
60_15,223
60_16,223
60_17,418
60_18,427
60_19,313
60_20,16
60_21,8
60_22,128
60_23,319
60_24,0
60_25,12
60_26,13
60_27,115
60_28,563
60_29,538
60_30,597
60_31,36
60_32,277
60_33,576
60_34,417
60_35,694
60_36,502
60_37,19
60_38,2
60_4,45
60_41,16
60_44,24
60_47,1
60_8,155
61_10,48
61_12,51
61_13,72
61_14,3
61_15,45
61_16,14
61_18,192
61_19,283
61_20,49
61_21,6
61_22,18
61_23,11
61_24,8
61_26,153
61_27,508
61_28,335
61_29,772
61_30,587
61_31,330
61_32,639
61_33,622
61_34,619
61_35,731
61_36,773
61_37,29
61_42,22
61_44,50
61_5,260
61_6,360
61_7,520
61_8,416
61_9,385
62_11,24
62_12,52
62_13,4
62_16,57
62_17,23
62_18,6
62_20,11
62_21,23
62_22,39
62_23,3
62_24,15
62_26,469
62_27,381
62_28,361
62_29,588
62_30,415
62_31,366
62_32,605
62_33,378
62_34,364
62_35,698
62_36,312
62_37,58
62_4,26
62_5,225
62_6,254
62_7,264
62_8,460
62_9,447
63_13,16
63_15,36
63_16,95
63_17,21
63_18,10
63_21,0
63_23,0
63_24,11
63_25,277
63_26,139
63_27,394
63_28,693
63_29,461
63_3,23
63_30,275
63_31,468
63_32,535
63_33,524
63_34,236
63_35,20
63_36,1
63_6,139
63_7,166
63_8,239
63_9,262
64_10,269
64_11,42
64_12,0
64_14,15
64_17,14
64_22,26
64_23,21
64_24,26
64_25,27
64_26,28
64_27,347
64_28,821
64_29,747
64_30,296
64_31,123
64_32,18
64_8,84
64_9,342
65_10,15
65_17,10
65_20,68
65_21,14
65_22,8
65_23,17
65_24,27
65_25,47
65_26,46
65_27,217
65_28,609
65_29,541
65_30,480
65_31,80
65_7,1
65_9,53
66_10,1
66_13,28
66_17,5
66_22,34
66_23,12
66_26,17
66_28,6
66_29,94
66_30,0
66_5,18
66_9,9
67_20,8
67_21,21
67_22,2
67_23,6
67_24,6
67_26,1
67_27,7
67_28,0
67_29,25
67_6,8
68_15,28
68_18,67
68_19,52
68_21,9
68_22,15
68_23,7
68_3,15
69_11,9
69_12,67
69_15,0
69_16,17
69_17,99
69_18,192
69_22,17
69_24,3
69_3,11
6_20,6
6_21,380
6_22,506
6_23,640
6_24,669
6_25,445
6_26,575
6_27,627
6_28,718
6_29,467
6_30,463
6_31,578
6_32,585
6_33,587
6_34,308
6_35,553
6_36,92
6_37,9
6_46,171
6_47,346
6_48,550
6_49,314
6_50,656
6_51,442
6_52,309
6_53,321
6_54,69
6_55,315
6_56,334
6_57,392
6_58,659
6_59,541
6_60,479
6_61,210
70_21,7
70_22,2
70_9,0
71_12,13
71_16,19
71_21,0
71_7,16
72_12,3
72_14,57
72_15,11
72_19,4
72_20,2
72_7,31
73_13,6
73_4,63
73_9,87
74_18,29
74_22,0
74_9,262
75_10,246
75_11,131
75_19,5
75_20,127
75_21,15
75_8,103
75_9,295
76_10,249
76_13,3
76_14,30
76_20,252
76_21,27
76_7,26
76_9,180
77_19,54
77_20,53
77_7,93
77_8,146
78_17,12
78_8,37
78_9,35
79_20,16
79_23,9
7_21,336
7_22,309
7_23,652
7_24,597
7_25,304
7_26,346
7_27,531
7_28,780
7_29,454
7_30,370
7_31,679
7_32,457
7_33,188
7_34,144
7_35,40
7_36,31
7_37,6
7_39,64
7_46,308
7_47,459
7_48,453
7_49,563
7_50,614
7_51,435
7_52,318
7_53,320
7_54,472
7_55,742
7_56,466
7_57,398
7_58,561
7_59,277
7_60,307
7_61,513
7_62,204
80_12,39
80_13,3
80_15,7
80_20,16
80_24,14
81_15,7
81_19,142
82_10,64
82_11,104
82_12,316
82_13,274
82_14,584
82_15,347
82_16,285
82_18,52
82_19,30
83_10,260
83_11,189
83_12,369
83_13,114
83_14,22
83_15,523
83_18,28
83_19,7
83_20,58
83_23,9
83_9,262
84_10,163
84_11,164
84_12,209
84_13,429
84_14,333
84_15,620
84_16,78
84_18,0
84_23,9
84_8,7
85_10,186
85_11,278
85_12,399
85_13,305
85_14,468
85_15,528
85_16,252
85_18,33
85_9,124
86_10,328
86_11,134
86_12,547
86_13,639
86_14,572
86_15,564
86_16,280
86_17,330
86_18,262
86_21,23
86_22,0
86_9,73
87_10,642
87_11,384
87_12,795
87_13,632
87_14,483
87_15,698
87_16,214
87_17,390
87_18,218
87_19,341
87_7,61
87_8,42
87_9,54
88_10,422
88_11,306
88_12,97
88_13,536
88_14,655
88_15,744
88_16,74
88_17,95
88_18,27
88_19,30
88_20,259
88_6,21
88_7,40
88_8,66
88_9,78
89_10,253
89_11,333
89_12,41
89_13,461
89_14,742
89_15,758
89_16,446
89_17,184
89_18,0
89_20,20
89_21,52
89_22,31
89_23,69
89_4,7
89_5,104
89_6,180
89_7,145
89_8,399
89_9,219
8_21,200
8_22,519
8_23,358
8_24,286
8_25,462
8_26,499
8_27,560
8_28,587
8_29,521
8_30,205
8_31,465
8_32,482
8_33,625
8_34,131
8_35,85
8_36,216
8_37,22
8_39,463
8_40,543
8_46,177
8_47,412
8_48,563
8_49,395
8_50,622
8_51,940
8_52,523
8_53,522
8_54,521
8_55,549
8_56,547
8_57,5
8_59,147
8_60,322
8_61,428
8_62,527
90_10,132
90_12,67
90_13,445
90_14,646
90_15,344
90_16,954
90_17,812
90_18,243
90_19,162
90_20,17
90_21,18
90_22,124
90_23,45
90_24,4
90_26,57
90_8,165
90_9,234
91_10,181
91_11,531
91_12,820
91_13,1019
91_14,389
91_15,885
91_16,1115
91_17,399
91_18,647
91_19,808
91_20,227
91_21,178
91_22,46
91_23,71
91_24,61
91_25,251
91_7,393
91_8,454
91_9,250
92_10,25
92_11,612
92_12,1022
92_13,846
92_14,420
92_15,445
92_16,842
92_17,568
92_18,688
92_19,881
92_20,761
92_21,692
92_22,463
92_23,110
92_8,607
92_9,312
93_10,53
93_11,182
93_12,179
93_13,339
93_14,519
93_15,422
93_16,779
93_17,827
93_18,978
93_19,885
93_20,340
93_21,863
93_22,643
93_23,543
93_7,821
93_9,242
94_10,516
94_11,350
94_12,227
94_13,139
94_14,142
94_15,240
94_16,774
94_17,567
94_18,682
94_19,899
94_20,77
94_21,643
94_22,618
94_23,504
94_6,384
94_7,383
94_8,550
94_9,454
95_10,510
95_11,970
95_12,324
95_13,148
95_14,92
95_15,285
95_16,701
95_17,357
95_18,416
95_19,535
95_20,191
95_21,617
95_22,902
95_23,407
95_7,302
95_8,447
95_9,768
96_10,748
96_11,251
96_12,332
96_13,629
96_14,533
96_15,900
96_16,664
96_17,343
96_18,743
96_19,848
96_20,453
96_21,614
96_22,317
96_23,63
96_24,31
96_7,24
96_8,329
96_9,593
97_10,100
97_11,144
97_12,686
97_13,798
97_14,670
97_15,1185
97_16,427
97_17,476
97_18,734
97_19,278
97_20,417
97_21,694
97_22,222
97_23,436
97_24,475
97_25,45
97_8,30
97_9,31
98_10,94
98_11,214
98_12,828
98_13,520
98_14,1193
98_15,910
98_16,652
98_17,390
98_18,354
98_19,730
98_20,771
98_21,387
98_22,352
98_23,633
98_24,121
98_25,56
98_7,6
98_8,185
98_9,677
99_10,34
99_11,619
99_12,660
99_13,675
99_14,892
99_15,501
99_16,971
99_17,846
99_18,578
99_19,516
99_20,561
99_21,635
99_22,431
99_23,750
99_24,124
99_25,430
99_7,45
99_8,431
99_9,101
9_17,201
9_19,223
9_20,304
9_21,427
9_22,438
9_23,324
9_24,512
9_25,727
9_26,479
9_27,425
9_28,236
9_29,411
9_30,483
9_31,115
9_32,550
9_33,699
9_34,586
9_35,227
9_36,240
9_37,478
9_38,607
9_40,100
9_41,36
9_43,163
9_44,259
9_45,138
9_48,553
9_49,535
9_50,191
9_51,545
9_52,238
9_53,220
9_54,416
9_55,983
9_56,688
9_57,151
9_59,374
9_60,589
9_61,325
9_62,283
