grid_id,total_rent
0_51,2.756537780020425
0_52,5.180922861676643
0_53,5.540563255762612
1_51,16.535700228488437
1_52,15.666019333935168
1_53,14.039199433988495
1_54,66.49567357428214
1_57,4.316409818816025
1_58,2.708513904321573
2_32,1.369975016452004
2_33,2.7489715162756725
2_34,6.162437782597662
2_35,56.2180829762103
2_36,9.243313956326919
2_50,6.058338982563297
2_51,72.64977883615185
2_52,81.39886427850723
2_53,19.77340852141621
2_54,48.15445474574463
2_55,38.29639851505838
2_56,29.732855122686697
2_57,16.738520541430002
2_58,7.680572542959991
3_24,1.1196491954972199
3_29,1.1520675208130011
3_30,1.927357791815487
3_31,3.060610523201168
3_32,8.28983073609774
3_33,10.233407933003953
3_34,26.156617104722038
3_35,137.3279895789929
3_36,9.2342535100757
3_47,2.6742385478540385
3_48,17.806412731303844
3_49,7.990565005564387
3_50,26.934061709725277
3_51,126.98107713701414
3_52,99.26493170953383
3_53,78.63947502830145
3_54,102.61678238749468
3_55,92.71778710234457
3_56,39.78140546939544
3_57,17.78176727776074
3_58,15.056321900771257
4_20,1.2533816867311582
4_21,5.985869830392855
4_22,38.722562579206105
4_23,50.59309606460814
4_24,55.59446424584877
4_25,20.206588169637964
4_26,39.25939080154116
4_27,1.1839143913413854
4_28,18.573445652772847
4_29,57.86698154146383
4_30,38.39345912606075
4_31,38.8054998403404
4_32,26.00983809938158
4_33,44.15296395576182
4_34,48.29848887468658
4_35,40.307911180536195
4_36,19.05980786608972
4_37,4.178540402224141
4_45,13.589435368215959
4_46,29.276981023212834
4_47,56.38473614686323
4_48,147.72219641544282
4_49,355.5086147009424
4_50,147.47611299521944
4_51,96.43846239414533
4_52,223.6729818263447
4_53,72.96962277563776
4_54,129.5387355486692
4_55,134.660545903545
4_56,42.48728303397982
4_57,23.385157298010263
4_58,21.917194997461223
5_18,5.4477845682375055
5_20,22.09960741940629
5_21,35.26327802631426
5_22,109.41550791752283
5_23,121.57509398495102
5_24,97.50397458608361
5_25,74.52157863001226
5_26,166.6443793804665
5_27,185.97370746209515
5_28,175.4556608316967
5_29,155.0544944495055
5_30,81.06246911956102
5_31,31.99059067735288
5_32,83.88712195589524
5_33,104.23893211727227
5_34,79.20867886704802
5_35,33.41517548554296
5_36,29.083451416411343
5_37,7.609931500014967
5_38,3.6285493666375173
5_45,14.599336982122974
5_46,38.89579750917297
5_47,68.99753278088069
5_48,209.06465421148113
5_49,394.4289650515926
5_50,88.29683134014915
5_51,99.3662506971873
5_52,44.08318662166014
5_53,32.750859038093154
5_54,48.914573789402894
5_55,75.64893914394555
5_56,52.40631134200905
5_57,41.50248545329498
5_58,33.356671972675976
5_59,28.218722361363476
5_60,21.105340854653754
5_61,5.364781311650462
6_18,19.918053880395906
6_19,22.703366018601756
6_20,20.55738153166484
6_21,12.972292315379859
6_22,67.73161691770893
6_23,114.44427801805054
6_24,181.84239506059197
6_25,139.9117901611121
6_26,137.65117488633112
6_27,148.57505201527982
6_28,151.36988273242582
6_29,114.33372783796909
6_30,99.30863466828828
6_31,103.6198409161458
6_32,117.52697514099202
6_33,191.03085426973166
6_34,66.96948324442694
6_35,13.868266824496512
6_36,32.105391700218
6_37,18.203505452769537
6_45,14.599336982122974
6_46,27.00302424352888
6_47,49.423544260273324
6_48,80.34137847312763
6_49,65.10328594931218
6_50,125.00648149921953
6_51,92.07158673058294
6_52,27.599029456395566
6_53,33.08738631000825
6_54,92.89013760960121
6_55,199.21818974961778
6_56,89.31904910062426
6_57,86.31070592319526
6_58,68.76871864268304
6_59,97.40221829112278
6_60,277.82644298544074
6_61,154.07285354986016
7_19,9.3416982887817
7_20,14.448400273675745
7_21,9.622344377881895
7_22,66.81614580388636
7_23,112.23425284970352
7_24,271.1135913592808
7_25,244.45785902788043
7_26,95.29917307637578
7_27,116.25702364173702
7_28,160.09487372468737
7_29,134.91527003274766
7_30,68.20666139987888
7_31,74.41923761746928
7_32,59.74569224144631
7_33,101.33187006410226
7_34,69.41535786009203
7_35,10.620434751178385
7_36,29.695500425148104
7_37,19.752845990637788
7_38,3.6285493666375173
7_39,6.344624268293114
7_40,6.750673104074024
7_46,48.290607440517775
7_47,63.59528203383387
7_48,49.48959297708001
7_49,93.55980696383529
7_50,158.94569710546747
7_51,182.84923742553534
7_52,72.50424671687776
7_53,224.46554712600476
7_54,262.0322260595517
7_55,227.31589153409942
7_56,230.7165602218061
7_57,112.0830603314443
7_58,63.13220951972219
7_59,113.31276801012568
7_60,240.08671630123274
7_61,136.83445825922882
7_62,93.51427622023641
7_63,15.415032946393847
8_18,8.100119556250663
8_19,8.17627094081151
8_20,8.22630199703713
8_21,8.226546530331419
8_22,59.05755713853604
8_23,198.77694003507276
8_24,200.74522590777985
8_25,141.94007847830696
8_26,250.94627351783151
8_27,147.68635699411246
8_28,175.12137472135527
8_29,226.55383305693442
8_30,111.98124344219806
8_31,82.25651140932963
8_32,81.997274316784
8_33,60.60449399278145
8_34,26.241606392392406
8_35,12.957208266372442
8_36,33.845828893042366
8_37,27.59082439607384
8_38,14.677391980863087
8_39,23.586026964178675
8_40,23.26147482157583
8_41,5.57239917531935
8_46,37.368015997063935
8_47,64.51888719327184
8_48,74.92275674359601
8_49,147.99807995289976
8_50,297.1233272021468
8_51,432.58585407314126
8_52,376.42514633712926
8_53,502.7200653627804
8_54,329.96737161642676
8_55,441.74548678081504
8_56,308.8493913982119
8_57,79.2808101161805
8_58,75.53634046915421
8_59,79.97411568948286
8_60,127.37481789411056
8_61,177.82008581260726
8_62,89.52465250706152
8_63,8.901650119939895
9_17,14.056442805994102
9_18,8.538797900532503
9_19,7.594169161808939
9_20,12.629220156023486
9_21,27.02419857051546
9_22,116.51778834728532
9_23,194.8034027537332
9_24,162.55522226645715
9_25,152.23995529950204
9_26,73.06048685756102
9_27,74.51170917911217
9_28,143.54339606805195
9_29,199.1741992500081
9_30,234.883621711236
9_31,168.47945553498278
9_32,212.2401637346361
9_33,179.3062255368153
9_34,74.97528401131311
9_35,47.613421993385145
9_36,42.101716094666095
9_37,48.0121239580741
9_38,90.68545176577143
9_39,95.09598248478889
9_40,39.562675699814946
9_41,16.91307729696111
9_42,8.83307150958503
9_43,17.81613702188292
9_44,20.38508794110757
9_45,21.646512684417267
9_46,17.25344944210229
9_47,39.48643089486099
9_48,65.3838776027157
9_49,110.75491134920979
9_50,201.49444188115112
9_51,424.38394191780856
9_52,466.94141587314994
9_53,372.7225341870373
9_54,473.6727249768479
9_55,588.6985493205475
9_56,202.23294332417598
9_57,94.23256578521432
9_58,109.0982028731933
9_59,92.9748188009975
9_60,160.31389135575327
9_61,141.39687822262616
9_62,75.96742354119274
9_63,31.652218221220654
10_18,5.188918662072593
10_19,8.239438994454506
10_20,20.240611157278114
10_21,33.59788447448193
10_22,86.05233173113895
10_23,188.2682570701313
10_24,208.5996229231991
10_25,111.32846397573623
10_26,40.92554264345904
10_27,37.50172615576503
10_28,108.80704682099103
10_29,215.92526978733713
10_30,240.43631797580926
10_31,185.18539549660397
10_32,181.9789048726226
10_33,183.3442934879778
10_34,165.24328249496705
10_35,82.61545719553571
10_36,23.14640691923149
10_37,135.70991021511293
10_38,173.60077375860516
10_39,182.0516230854192
10_40,123.83863282855665
10_41,33.21105737951743
10_42,31.599557231445992
10_43,66.31084913094908
10_44,95.82542510656805
10_45,48.29949731213229
10_46,36.80377954437864
10_47,30.144525420877933
10_48,53.08511926921791
10_49,246.67299317131503
10_50,209.38208838296046
10_51,152.71207822103185
10_52,47.16021132422805
10_53,20.237446646980924
10_54,369.9379851964161
10_55,425.71036667292043
10_56,117.5696336350327
10_57,75.69514208882973
10_58,50.981974319978484
10_59,28.883806742540493
10_60,108.65437651752275
10_61,119.13336062616487
10_62,96.40648918864757
10_63,95.90494294482885
10_64,53.22369126588255
11_19,9.560273121568827
11_20,71.89709901799262
11_21,30.92507807295044
11_22,19.417835378994837
11_23,51.64302519431297
11_24,229.21707318683025
11_25,192.3002537517842
11_26,63.36980096177153
11_27,46.66116326209031
11_28,77.45951486445924
11_29,215.02675832492798
11_30,204.29067556957543
11_31,154.83080708399075
11_32,161.63554518288362
11_33,126.73063870941974
11_34,120.92474351962679
11_35,130.52217937275623
11_36,51.61979010296443
11_37,263.71997957958405
11_38,233.37278113131623
11_39,195.8829108837728
11_40,91.9465873862492
11_41,74.19051322290457
11_42,45.91504059067526
11_43,129.9970692364463
11_44,129.99161551265723
11_45,95.40187922721799
11_46,77.7127303865481
11_47,33.45525096479093
11_48,100.83613868883441
11_49,278.03351656492583
11_50,334.0617899702814
11_51,275.9474406783589
11_52,134.70947357241428
11_53,13.425780046297938
11_54,7.347238040312523
11_55,15.537992533535121
11_56,93.85927153398373
11_57,174.0703921966373
11_58,209.98099354327314
11_59,46.4257016153796
11_60,177.7714627255675
11_61,136.53742179306388
11_62,119.82026112368882
11_63,66.84261341090145
11_64,31.697227714583818
11_65,3.382646934054776
12_19,5.786191988509723
12_20,159.9612173149045
12_21,217.76388736033155
12_22,94.5621418744233
12_23,166.2972685819051
12_24,228.88534986853088
12_25,202.70229275557094
12_26,70.27342173115412
12_27,116.63540388256317
12_28,127.4437881944616
12_29,201.07861906451924
12_30,205.75716133715258
12_31,158.79012997919062
12_32,146.97953010153861
12_33,118.86154715498108
12_34,151.03870360066534
12_35,261.98542101619853
12_36,164.1400653243606
12_37,37.61228909485279
12_38,128.96231167681248
12_39,195.03617331631557
12_40,269.61868443508195
12_41,306.02639194708263
12_42,224.7930944471129
12_43,99.02464898786492
12_44,149.03397215249745
12_45,87.69681720649837
12_46,59.956086407147055
12_47,151.42057648725645
12_48,228.56799313147025
12_49,174.50032902556393
12_50,56.538212231290274
12_51,158.73970234446082
12_52,185.06395504896028
12_53,182.32535555025905
12_54,384.5528115888811
12_55,268.9773478135859
12_56,218.86595408215175
12_57,399.74850999014063
12_58,436.92781648478064
12_59,403.8992348750753
12_60,225.6049190618245
12_61,212.0994472769532
12_62,180.16765347533678
12_63,39.210355926049694
12_64,24.641062258443203
12_65,8.100000045647706
13_20,35.34566890657793
13_21,102.70406274739098
13_22,88.91556481067771
13_23,130.46879646401288
13_24,138.5060221064322
13_25,116.2538922500352
13_26,67.03224524226079
13_27,110.31883240814304
13_28,203.76872351101096
13_29,190.53821104286484
13_30,148.4466679266471
13_31,118.93257582875216
13_32,144.8780648611241
13_33,163.96006022321987
13_34,188.89829349255035
13_35,456.85220852812995
13_36,265.1649661024306
13_37,57.994315045230046
13_38,79.83914530398627
13_39,172.8354303628502
13_40,174.9353276925921
13_41,75.72702606465128
13_42,68.813953516714
13_43,56.93511880509057
13_44,177.24633711873338
13_45,171.0393861043371
13_46,102.30965598101633
13_47,148.4187100771805
13_48,228.41196800592286
13_49,263.13133310464093
13_50,155.6171375209765
13_51,73.39153589494651
13_52,128.52942864719782
13_53,298.86635452477384
13_54,522.259090425204
13_55,511.8602654109708
13_56,300.6544795441638
13_57,216.2466439353522
13_58,300.1411569254511
13_59,283.9423592216533
13_60,177.17731620613802
13_61,86.39594403743455
13_62,50.48838448528601
13_63,50.600598584683354
13_64,19.486816031107317
14_21,11.5005691313611
14_22,77.79400178120375
14_23,109.20948666717246
14_24,117.73868208621677
14_25,117.22826457556958
14_26,95.6459635097906
14_27,174.86175857276385
14_28,207.3433287303654
14_29,139.88421493637605
14_30,52.15804000602999
14_31,51.13889107788207
14_32,104.26567769655671
14_33,148.4434236586292
14_34,156.6985132249133
14_35,211.47899704404105
14_36,94.34282064760062
14_37,146.69007003551616
14_38,144.32693253616202
14_39,320.8679311503829
14_40,173.83265220843617
14_41,111.54068814480877
14_42,57.66147306259852
14_43,163.1037539244985
14_44,217.63540126326174
14_45,152.58182465360014
14_46,106.49305965352849
14_47,135.91965678979523
14_48,192.94781620581654
14_49,268.8683601924764
14_50,226.716151811465
14_51,126.25738539442227
14_52,163.22524420540893
14_53,193.8252728852345
14_54,263.7630468405965
14_55,368.6304055285117
14_56,339.6877470854389
14_57,145.44087383664407
14_58,123.56412106798129
14_59,224.6565709332332
14_60,258.61800257608536
14_61,179.53271331338468
14_62,104.9879006290942
14_63,40.823064031447416
14_64,15.870610025652699
15_19,3.755045930055865
15_21,4.574103828339183
15_22,57.45346710620343
15_23,154.82134156767108
15_24,119.67838616140007
15_25,125.25652191011756
15_26,109.37351084048606
15_27,156.13378308133966
15_28,140.32473382013174
15_29,129.11972554228595
15_30,68.51559950828846
15_31,62.32808212760278
15_32,80.65699268932421
15_33,80.54148344435552
15_34,105.24801017120502
15_35,142.75960864398226
15_36,38.33061594533538
15_37,153.58907451138145
15_38,212.90369226527972
15_39,28.902353668253184
15_40,16.95391630604692
15_41,82.33151383540465
15_42,149.631592250776
15_43,135.8242686540971
15_44,124.43728732667068
15_45,147.1350260391943
15_46,66.0344833770959
15_47,76.7128368162368
15_48,107.34339671731416
15_49,222.3889814858474
15_50,160.01927606804557
15_51,147.22007610503996
15_52,270.8170873290399
15_53,403.2352214684206
15_54,130.80962753616254
15_55,130.0124415164646
15_56,252.1869868328386
15_57,113.15240722860331
15_58,119.73861317316643
15_59,186.43885784573956
15_60,114.03152168550642
15_61,30.897785577819764
15_62,5.524239175614248
16_19,13.761051993292362
16_20,19.888894802682955
16_21,8.082353218109851
16_22,8.077014469363993
16_23,137.22564954111593
16_24,139.75537774727002
16_25,193.80581305411934
16_26,176.26044245090256
16_27,162.08973343834734
16_28,126.99478617668048
16_29,168.12670389402228
16_30,230.30450179525292
16_31,201.0665135777268
16_32,171.8900312508548
16_33,124.57552658049735
16_34,128.59054203816024
16_35,229.48481334012695
16_36,61.03852658878561
16_37,81.74435851830285
16_38,99.00635373223983
16_39,44.89872241231698
16_40,37.253418561167436
16_41,146.9349964481891
16_42,161.50253620546204
16_43,137.8304880279867
16_44,80.29919673284405
16_45,211.55493435459692
16_46,71.83533883226788
16_47,71.43982588508078
16_48,116.06670509629822
16_49,204.32952782370253
16_50,196.21090738154663
16_51,216.2490534835846
16_52,144.6449685903449
16_53,145.10167894091126
16_54,61.43894225918345
16_55,55.24583722252365
16_56,182.34812611917374
16_57,181.7132488358185
16_58,215.43498886057
16_59,187.05777636659454
16_60,43.96049477341423
16_61,5.062762470216782
17_19,17.297980792851533
17_20,77.23890654682123
17_21,13.12936542518868
17_22,13.443816368134385
17_23,71.70845198278273
17_24,173.06501097513583
17_25,208.69816683659457
17_26,112.28945102714101
17_27,209.31600658894388
17_28,281.9828967184453
17_29,174.12261834360763
17_30,175.4331631306012
17_31,118.61055152719157
17_32,204.65932300080124
17_33,182.73074573007926
17_34,164.66333210224332
17_35,229.24904501660583
17_36,244.10847349592854
17_37,72.47761807897123
17_38,52.45443973425187
17_39,116.88928003342366
17_40,195.72054713787838
17_41,93.86372857839878
17_42,148.56519238863373
17_43,185.88735865532357
17_44,150.49156637192473
17_45,244.53832193000105
17_46,184.5525539965754
17_47,128.62384558806787
17_48,173.79929026282574
17_49,152.2479886440983
17_50,232.90634695682624
17_51,238.00344759675318
17_52,191.1327936106
17_53,95.41587906673746
17_54,54.52869791507785
17_55,54.52869791507785
17_56,85.00011263851852
17_57,175.52364599721867
17_58,159.89754480708382
17_59,31.616039906757656
17_60,5.062762470216782
18_19,16.5672437848828
18_20,78.70334270589323
18_21,59.377168763276636
18_22,43.23726079948299
18_23,101.84042239395737
18_24,160.06382063959285
18_25,133.43297238625337
18_26,88.80463134890452
18_27,390.64740113083343
18_28,437.58634749161723
18_29,180.33576431193504
18_30,191.6499695478695
18_31,251.45297371660877
18_32,131.72792174538708
18_33,196.24271759422106
18_34,150.19850063938384
18_35,216.62195593549157
18_36,329.33247462035075
18_37,114.42454545868142
18_38,67.4195102557468
18_39,191.39418753618168
18_40,241.88154374586367
18_41,11.028544350223687
18_42,10.421313151927775
18_43,217.0064382382892
18_44,224.39890847651526
18_45,190.46016946674712
18_46,172.5300088084021
18_47,150.8271414585001
18_48,186.8585067704796
18_49,279.6576578914784
18_50,156.4869826781872
18_51,182.58889299795285
18_52,313.5475477120475
18_53,176.90878903371333
18_54,119.60121509292844
18_55,55.68858646771094
18_56,120.99113136243938
18_57,173.5705615799629
18_58,156.1744005252109
18_59,38.73627669634698
18_60,15.96230511230677
19_20,34.75890189152864
19_21,91.76939745635667
19_22,176.10157903336784
19_23,176.18531616684663
19_24,106.25677003023831
19_25,66.80410122404454
19_26,67.18513526443968
19_27,247.85541109590713
19_28,229.22214414082828
19_29,164.71934717800718
19_30,177.085156469889
19_31,213.731978021962
19_32,128.73625936440502
19_33,35.128957345691376
19_34,119.34505195624298
19_35,220.294013575211
19_36,347.72108814570936
19_37,218.4371869129356
19_38,187.71467177536255
19_39,237.03928452596273
19_40,266.792767089515
19_41,111.18261930507806
19_42,387.24504207741984
19_43,412.6699434490653
19_44,235.03288600523823
19_45,240.59727011447674
19_46,213.5900705797267
19_47,188.10071024933538
19_48,164.3479328781029
19_49,332.80781530192644
19_50,305.9282244140993
19_51,100.83405171440715
19_52,154.04592053383914
19_53,139.87435849222663
19_54,88.16156432948098
19_55,76.43963478337037
19_56,52.975526074490524
19_57,151.27571709432607
19_58,164.32116544712795
19_59,235.88108172548186
19_60,244.6441293877622
19_61,95.78575415013856
20_20,4.655230558961997
20_21,70.08040494991259
20_22,459.7678459191005
20_23,294.18442195664244
20_24,48.425338726813806
20_25,64.06277186674023
20_26,45.12910076393864
20_27,67.14260735223021
20_28,139.6454826890535
20_29,132.35220305587345
20_30,172.53864791339373
20_31,149.56877909697263
20_32,69.99213540885248
20_33,23.86025694636197
20_34,20.995063499971387
20_35,193.8561015080105
20_36,190.84533736746138
20_37,238.98293708530022
20_38,230.15957924382855
20_39,317.1532234801115
20_40,135.80599340993717
20_41,280.0508888618742
20_42,329.5874376053329
20_43,425.5245166052013
20_44,197.1256408014982
20_45,207.66671985957512
20_46,194.57136741967815
20_47,210.08988414373863
20_48,159.26345596896343
20_49,185.03700787131373
20_50,248.5229940444314
20_51,153.02025111023588
20_52,162.10710035906772
20_53,167.76998429108923
20_54,151.58928562846435
20_55,79.99669828032965
20_56,66.92547300263081
20_57,220.98318445511114
20_58,116.18426000442805
20_59,232.37956880521034
20_60,247.8835561638642
20_61,153.51254834014316
21_20,4.209783914930395
21_21,63.29455976916101
21_22,216.3533713306161
21_23,83.7730746772687
21_24,45.57800095357815
21_25,55.8838715795238
21_26,55.14702538720073
21_27,131.68208111130298
21_28,203.1813602477584
21_29,107.17687564216904
21_30,92.61460278646224
21_31,91.35228081978725
21_32,74.33002788548438
21_33,72.18597773577766
21_34,148.68161033444895
21_35,166.76123919596654
21_36,134.57043630136002
21_37,164.89765954411175
21_38,129.28290378565245
21_39,183.5498803364425
21_40,261.24951841116246
21_41,185.19796109736717
21_42,200.05449407632221
21_43,416.8769122067485
21_44,181.36444721863683
21_45,90.25919322963438
21_46,170.18070573411714
21_47,255.7580570612831
21_48,160.31117328077266
21_49,167.22927756583934
21_50,302.01415788036843
21_51,190.9030654712982
21_52,160.40815006579552
21_53,261.7579307479244
21_54,237.83264177172754
21_55,82.98605037015425
21_56,76.53236864093742
21_57,50.33114587163753
21_58,73.79588166230269
21_59,101.14309101291529
21_60,79.85448818865898
21_61,60.60401169210996
22_20,1.1248082725277861
22_21,6.200290476992214
22_22,81.8830363941425
22_23,57.74167930255281
22_24,42.74935604656682
22_25,44.495926833096
22_26,51.95570197178602
22_27,189.1704843170858
22_28,364.559055018625
22_29,254.71146564874223
22_30,374.0647484430677
22_31,207.2861328221937
22_32,242.3451085549537
22_33,88.97822949238855
22_34,181.81220325758633
22_35,270.2425557168527
22_36,86.24881143677788
22_37,113.48864277757004
22_38,55.6289197897005
22_39,176.7906737857528
22_40,194.48795166894308
22_41,177.38389092964525
22_42,192.2258821112576
22_43,293.41131725635483
22_44,84.40498770114402
22_45,38.57228052927822
22_46,140.3679447733282
22_47,184.71892221154528
22_48,226.5549114234339
22_49,349.89419325328436
22_50,421.80885738348763
22_51,252.68666368567358
22_52,131.72086255066412
22_53,261.87872960440535
22_54,189.4357210666403
22_55,175.02959758086513
22_56,234.6380758457937
22_57,143.49476221184992
22_58,113.34449707340953
22_59,164.0466869263642
22_60,117.81265766376826
22_61,3.0264262898483305
23_11,13.439893789568908
23_12,57.76364976961163
23_13,1.3611446774207825
23_20,3.2261358019317457
23_21,3.2449029553538202
23_22,15.09027280914677
23_23,3.3604848371968172
23_24,28.37826762926425
23_25,51.999756584578435
23_26,48.11641812894369
23_27,203.44005042533593
23_28,170.73910308508104
23_29,185.2760303764795
23_30,298.63097853356396
23_31,183.4778356580104
23_32,449.5497947148098
23_33,281.2440196805345
23_34,165.286470902436
23_35,128.2743657621846
23_36,52.029052586582
23_37,219.79933119705808
23_38,61.90601630624239
23_39,223.89619924279043
23_40,267.85451176061963
23_41,147.12647507272914
23_42,123.18361717727461
23_43,144.37917619322369
23_44,65.74659843651814
23_45,101.29123114002472
23_46,125.7826770965938
23_47,189.3195427361918
23_48,330.9407182083189
23_49,242.2365422345062
23_50,233.98622008574497
23_51,176.51390958705048
23_52,130.43528054130434
23_53,173.21619514141975
23_54,215.9670384476975
23_55,193.67218667904743
23_56,198.30963719622002
23_57,83.16600807831364
23_58,142.68414578689564
23_59,318.4654233023302
23_60,151.99628724328142
23_61,28.82869492113062
23_62,2.147831397831674
24_11,50.90967365431458
24_12,263.18770148282744
24_13,136.09981412585617
24_14,0.8542260522610553
24_19,3.0370589189533637
24_20,3.3016952948198313
24_21,3.3016952948198313
24_22,8.098826663992094
24_23,9.254536537106084
24_24,37.540440528149034
24_25,57.799206278557136
24_26,77.66229030899879
24_27,165.67086155204444
24_28,135.9989615935659
24_29,108.87221912654724
24_30,196.25433261169692
24_31,269.939893550247
24_32,193.72136899820472
24_33,188.94904032988
24_34,112.99643598260067
24_35,74.67053049980322
24_36,43.65613531899059
24_37,37.77271779091283
24_38,63.54686198210932
24_39,218.85800243448043
24_40,133.65855497171358
24_41,77.43550932222252
24_42,77.8731232188553
24_43,75.37339519154385
24_44,69.77549084886905
24_45,122.73265907622064
24_46,125.83139713067852
24_47,171.46599474005868
24_48,270.2713733375608
24_49,193.2146607895255
24_50,169.57337113383764
24_51,118.36449256169843
24_52,109.46291257753444
24_53,142.29969361919677
24_54,206.22625520189987
24_55,124.93787684989505
24_56,71.38188934868624
24_57,52.47683850350283
24_58,161.21716664789557
24_59,263.54502364259173
24_60,108.81271747272592
24_61,197.20475931861762
24_62,34.56994758952436
25_9,13.253526805893575
25_10,133.57497338921402
25_11,316.4743906689104
25_12,221.00399548273515
25_13,77.22980362153083
25_18,0.8542260522610553
25_19,19.905767041014933
25_20,11.100150124731801
25_21,17.26813769484018
25_22,12.414581972630563
25_23,57.22762907350846
25_24,63.46897617469069
25_25,72.84735166429857
25_26,114.38449407782602
25_27,113.43696287319467
25_28,103.761157453095
25_29,188.0073003695524
25_30,175.84947155974987
25_31,164.24884599547332
25_32,211.15781514643632
25_33,90.06250714498444
25_34,87.8869402716646
25_35,85.63696312120294
25_36,75.69640969699383
25_37,58.74256554037403
25_38,30.043795150644705
25_39,19.658224393388597
25_40,66.76526877521313
25_41,187.70115611675513
25_42,115.37084936470836
25_43,72.78431231914108
25_44,116.3881186095611
25_45,185.57160353459324
25_46,243.0158623678437
25_47,192.7771070331562
25_48,230.34590397585964
25_49,153.42421755049887
25_50,120.56480462751747
25_51,116.43715117175392
25_52,104.94690186191139
25_53,183.2963094615965
25_54,275.79906838599624
25_55,203.19797584800452
25_56,58.03189637250301
25_57,62.55539548149782
25_58,126.25410627940371
25_59,137.29261230305656
25_60,206.35203376161684
25_61,322.51728689526203
25_62,150.24629205108047
25_63,4.069028160655456
26_8,12.177707752133118
26_9,115.7779322657662
26_10,177.93654754283267
26_11,99.04564716772308
26_12,29.335290811334122
26_13,221.70469266244302
26_14,48.2323510284913
26_17,3.7542284746732184
26_18,183.29688304029486
26_19,222.46419952764217
26_20,103.95478874993651
26_21,96.69202311343459
26_22,97.33464709327832
26_23,117.70929138674009
26_24,93.0743356442952
26_25,86.97968554968759
26_26,91.23566689042234
26_27,110.46566530263165
26_28,124.11695744993392
26_29,175.77970617834737
26_30,127.60631261230377
26_31,196.9657347941019
26_32,209.295270145103
26_33,113.39129628870046
26_34,109.9864247653478
26_35,110.99299162721617
26_36,86.77344499749914
26_37,156.90699080743678
26_38,193.08687038055956
26_39,18.11754895678966
26_40,89.19365226351573
26_41,241.16520450610287
26_42,201.32724396318892
26_43,170.626971513449
26_44,174.72258051851213
26_45,228.6162975803937
26_46,238.58159461229957
26_47,179.70625513952797
26_48,157.11007005449275
26_49,125.57569235774824
26_50,157.15839434697997
26_51,121.65968567635198
26_52,116.97189052867806
26_53,145.0453958157158
26_54,166.52406155212566
26_55,160.78155052290526
26_56,375.4593376906073
26_57,159.63999874002062
26_58,134.55792860731034
26_59,169.20446466552318
26_60,262.5863627411172
26_61,294.75481629953924
26_62,120.25989943991186
26_63,39.201236944392384
26_64,3.4679079377339654
27_8,34.81793079451422
27_9,204.02120238633242
27_10,187.24701808820325
27_11,94.04837979445512
27_12,45.88220356081987
27_13,293.96196431288786
27_14,59.16550190272676
27_17,19.42072748121953
27_18,321.77942235124664
27_19,335.9434675536301
27_20,173.34272502668352
27_21,146.4562312619473
27_22,130.76555060361352
27_23,148.9845105071013
27_24,97.60102878582484
27_25,93.92521293105133
27_26,152.14823546228325
27_27,278.6893289350552
27_28,144.69159379714515
27_29,136.94363547317812
27_30,137.22583065067383
27_31,202.50614983347117
27_32,248.12146585055729
27_33,110.40892661078658
27_34,102.46691543498403
27_35,103.73569102589421
27_36,79.80932689100862
27_37,267.4103262489505
27_38,445.91750749860495
27_39,310.30105323914177
27_40,344.96909166711697
27_41,236.11510859886863
27_42,206.94803013044748
27_43,234.01717432857575
27_44,249.83867059237204
27_45,217.93417867901576
27_46,217.1021614260662
27_47,85.44255454094504
27_48,112.08460236927317
27_49,116.02335106616175
27_50,192.62067372737926
27_51,285.00252369930195
27_52,155.51030755561771
27_53,155.7575283076496
27_54,134.80262435388192
27_55,135.08004085556018
27_56,286.266331554114
27_57,167.7062302835306
27_58,232.81662539422464
27_59,241.85448927250079
27_60,233.91754194755413
27_61,171.90733897915638
27_62,55.908467659641275
27_63,47.70259994815495
28_7,14.026107919382342
28_8,1.8438470228965482
28_9,80.70272443011706
28_10,217.03634151131018
28_11,204.30353089066674
28_12,117.31905765979334
28_13,80.57276230647926
28_14,159.21461735869
28_15,5.478880574780255
28_16,40.48269785686625
28_17,47.36389453816303
28_18,137.97199277856043
28_19,166.4448859688252
28_20,89.87960112235321
28_21,198.80230306399073
28_22,143.3110416219689
28_23,185.14065556505105
28_24,194.20845594546273
28_25,129.07687936382592
28_26,158.7379082378447
28_27,130.736607413109
28_28,187.3821050785688
28_29,202.2336992097102
28_30,209.49827551998166
28_31,210.80055594403262
28_32,231.98369249167428
28_33,115.6446183504342
28_34,96.89196930273201
28_35,114.97660250983517
28_36,179.60716260134024
28_37,268.63202122737675
28_38,224.24636597446087
28_39,198.7225446639537
28_40,285.65779628632356
28_41,257.16523576871197
28_42,224.3231942228532
28_43,183.4734135278155
28_44,176.27065815429313
28_45,249.06065805131934
28_46,266.62461296533536
28_47,139.61491245263272
28_48,67.49001096543466
28_49,114.9974654438864
28_50,408.301383437952
28_51,216.3556581599248
28_52,241.743082320899
28_53,299.1752388411335
28_54,164.91024636236864
28_55,162.21839942267633
28_56,243.2907638064391
28_57,275.28866962210094
28_58,439.97183311397384
28_59,244.75585704454505
28_60,255.195876629831
28_61,69.18086335911093
28_62,61.18069371371004
28_63,62.09084462867303
28_64,57.67201788599313
29_7,17.72726204407542
29_8,2.943656702970718
29_9,0.0
29_10,83.63004484209036
29_11,144.17067604275832
29_12,140.31486273699593
29_13,122.14063230360476
29_14,289.786495898755
29_15,40.383770638152455
29_16,47.36389453816303
29_17,51.28730909708263
29_18,185.151636359738
29_19,169.32043896801713
29_20,152.54764390477172
29_21,216.489129334283
29_22,159.59987775533662
29_23,218.827418844262
29_24,273.0526403321463
29_25,216.23982889679394
29_26,151.18109451294393
29_27,89.24172855239395
29_28,124.76189066211725
29_29,255.99645339401823
29_30,258.48408800896084
29_31,223.03403710802843
29_32,161.1930386761488
29_33,84.40057977119845
29_34,88.26810919137704
29_35,107.93143904689586
29_36,235.5893064452885
29_37,295.6936788516672
29_38,277.6404558162267
29_39,206.18134355743655
29_40,229.35394752075393
29_41,138.54623214203934
29_42,277.1171098868873
29_43,269.21862047927857
29_44,202.88847272335943
29_45,305.50080133325605
29_46,236.92829381629633
29_47,91.71229763306006
29_48,74.33873534735145
29_49,95.51860373734638
29_50,246.53354441078008
29_51,289.4154943194856
29_52,211.77793379152575
29_53,286.7443827784854
29_54,300.7642042411182
29_55,260.7782386138947
29_56,215.39831496605143
29_57,270.7677381043852
29_58,270.3077752480162
29_59,336.0777002012718
29_60,331.98162144505216
29_61,183.42507168673012
29_62,119.79479452938604
29_63,58.13012503703697
29_64,42.42699951338885
29_65,4.00446819431453
30_8,9.938022609064035
30_9,59.3912482191022
30_10,122.77347555553277
30_11,96.07467972901439
30_12,114.89508149461975
30_13,112.39953220123935
30_14,177.49342362832977
30_15,196.05904852017932
30_16,122.9331722863243
30_17,166.22105822852612
30_18,231.06477580825972
30_19,169.8287615635375
30_20,135.83856938550718
30_21,128.75538659174865
30_22,159.55512284976453
30_23,250.81104875836587
30_24,329.8670822552573
30_25,245.0014560146629
30_26,102.18886960169883
30_27,50.90351352605057
30_28,108.8776613556851
30_29,232.27977679549966
30_30,221.62494638773813
30_31,298.5821430448225
30_32,202.26738427192535
30_33,282.3613941501445
30_34,112.31422816863414
30_35,93.74470067079776
30_36,156.0958438085084
30_37,233.02772638065724
30_38,206.4287208006308
30_39,143.24606509430004
30_40,48.645145293259844
30_41,61.05169228250736
30_42,118.95547879047153
30_43,152.21233629883724
30_44,150.39927215793165
30_45,291.6370956067236
30_46,122.58592723618318
30_47,117.76684456794393
30_48,182.11413376885403
30_49,271.7312883635866
30_50,472.7684140494826
30_51,240.8989986996471
30_52,60.777041208004476
30_53,322.7845132098011
30_54,286.4351537870312
30_55,256.9700749293839
30_56,288.1745418553433
30_57,173.7113088346244
30_58,192.9232482904301
30_59,155.47894406221255
30_60,233.38311014278366
30_61,132.6906924736122
30_62,63.78797243379972
30_63,19.960768262207292
30_64,19.826104646824437
30_65,10.918812150313027
31_8,1.8241857977856832
31_9,77.87331102396611
31_10,219.2418906463053
31_11,307.3196514332444
31_12,193.43425893346756
31_13,166.72517737926458
31_14,150.68616070176068
31_15,230.44548052182884
31_16,198.88937421188868
31_17,199.1099039429347
31_18,263.23457129917176
31_19,235.8311397338162
31_20,232.6127145217059
31_21,219.03729448055674
31_22,150.67328714459097
31_23,444.64309312374525
31_24,481.9477319853407
31_25,170.27068578799046
31_26,91.87117636528214
31_27,61.3431569835178
31_28,254.05314858140372
31_29,424.3721788745385
31_30,293.4725661470516
31_31,402.4276005375644
31_32,477.87302657997975
31_33,452.22641698903254
31_34,148.1050915356892
31_35,76.09365948592088
31_36,79.03346168007334
31_37,78.64326371187515
31_38,69.45155594370082
31_39,64.08078200860065
31_40,48.645145293259844
31_41,48.7725595184166
31_42,43.22588849022024
31_43,136.3174284298861
31_44,352.83759535172817
31_45,164.28850768299571
31_46,100.6133777681241
31_47,87.99958432366927
31_48,134.96468873562287
31_49,130.18578987943988
31_50,253.15194885062706
31_51,388.86274455487427
31_52,399.1998957308633
31_53,440.6911765831933
31_54,272.3701075628313
31_55,175.0148941496563
31_56,126.28094761357615
31_57,128.76877490461112
31_58,91.21408261819475
31_59,71.70683657023912
31_60,6.865404110737515
31_61,18.728165042571153
31_62,111.19509070923208
31_63,163.3829380826248
31_64,82.63195768919299
31_65,11.985813676145218
32_9,28.080137184356506
32_10,176.76808126404921
32_11,361.7518743299181
32_12,256.97640345072233
32_13,204.79636116732266
32_14,151.78750231516992
32_15,148.9574797360681
32_16,77.99658513804287
32_17,327.78198425269716
32_18,325.87082661184394
32_19,265.76175039347294
32_20,293.1516754126828
32_21,242.0977756038103
32_22,188.87628308002434
32_23,137.77853125240244
32_24,193.76985087477846
32_25,113.56892381496627
32_26,73.49791278844977
32_27,88.26647082530485
32_28,309.29374729966327
32_29,476.90814821715435
32_30,488.8299163013406
32_31,526.3142826880782
32_32,432.91971610606015
32_33,212.4140000306383
32_34,155.37114994141683
32_35,119.81127809758138
32_36,96.19015791121186
32_37,91.44718819968458
32_38,89.60203679624864
32_39,76.57891563116068
32_40,45.71614080718993
32_41,39.36061868358541
32_42,37.59386075811374
32_43,222.45053209634887
32_44,152.78293298748667
32_45,78.79856385525119
32_46,131.37950857134675
32_47,168.9148645567072
32_48,68.32263934367344
32_49,55.14999192189063
32_50,59.508730492333065
32_51,158.9131245073535
32_52,296.03102296026964
32_53,190.53971721805277
32_54,119.21946063917405
32_55,81.74468372528817
32_56,81.52474417654086
32_57,91.13367233740286
32_58,104.04464763662696
32_59,108.48159119095271
32_60,76.35108034526856
32_61,91.329280177116
32_62,126.58428034133235
32_63,186.9064666448769
32_64,51.85113791878766
32_65,19.590240483036244
33_9,39.9125459069895
33_10,159.6494927350805
33_11,249.9268725188312
33_12,302.3164107333599
33_13,231.9486333487842
33_14,162.46612076304672
33_15,155.34409461950497
33_16,292.3200104295986
33_17,243.19840956513536
33_18,181.51972314775986
33_19,135.83254324092283
33_20,177.23923519296744
33_21,212.94803510471888
33_22,196.16534226886895
33_23,125.16494483592788
33_24,193.0605061272804
33_25,179.3988203265136
33_26,95.28029548617982
33_27,77.50021163229323
33_28,238.62850634505426
33_29,257.6300924121773
33_30,395.49679000071825
33_31,376.188326430202
33_32,251.87390583280762
33_33,178.58289781014068
33_34,177.9469179093579
33_35,183.89683330363295
33_36,119.7015901866203
33_37,78.28940774582486
33_38,84.8680767059943
33_39,62.49938845192154
33_40,29.88500611806434
33_41,37.83517770742944
33_42,49.931011018355655
33_43,42.469874879422264
33_44,16.85550952129405
33_45,89.58199853093416
33_46,174.82124276424892
33_47,235.43773008616432
33_48,73.93390329708531
33_49,42.27542035218961
33_50,55.38353358158153
33_51,37.79507901372285
33_52,29.98836181859866
33_53,18.23598153893378
33_54,8.838139349627133
33_55,25.403067757836794
33_56,73.05475122418056
33_57,70.57228690729617
33_58,77.88955906117376
33_59,98.87986021448476
33_60,88.9828465217531
33_61,97.98036147368167
33_62,36.87434964824662
33_63,59.19338692490412
33_64,36.61311246227857
33_65,25.512547123014194
33_68,10.835600315864674
33_69,20.77496658414296
33_70,31.796700524678357
34_9,6.238075064250833
34_10,105.2414814531415
34_11,205.14991051792433
34_12,293.6846700877414
34_13,268.5955554986782
34_14,235.11578622292075
34_15,232.50303523036675
34_16,280.31608079705666
34_17,217.29401273197837
34_18,285.62792280348054
34_19,114.92559468827527
34_20,126.9196130803418
34_21,155.74134528578185
34_22,254.90206506193613
34_23,280.8472425371624
34_24,263.0201123092356
34_25,218.85049715591202
34_26,92.12641174421056
34_27,135.11681789037692
34_28,357.5952470425777
34_29,268.6131357814185
34_30,232.49083528099015
34_31,101.41345137681571
34_32,33.21017096896699
34_33,42.6542185657452
34_34,179.2802717430405
34_35,432.4277509056191
34_36,214.23428349280044
34_37,84.8686941199994
34_38,66.52987928085989
34_39,10.279913145913998
34_40,15.380751491382297
34_41,60.11087747062672
34_42,62.17098650970579
34_43,65.30117319011215
34_44,19.68312024550578
34_45,46.7812038055919
34_46,111.95135580118506
34_47,178.69272493157627
34_48,46.157688304284186
34_49,44.70441431307236
34_50,33.03157209378677
34_51,15.749751123506368
34_52,14.514636364315864
34_53,8.838139349627133
34_54,8.838139349627133
34_55,10.904592616507946
34_56,56.82216899108721
34_57,62.02394129075577
34_58,122.39709752361613
34_59,80.65903269741162
34_60,124.87986374747814
34_61,129.81510571540525
34_62,32.61925796807774
34_63,16.793851809668382
34_64,12.200563726397288
34_65,12.220591556052046
34_66,18.43737209965375
34_67,24.9872682365837
34_68,32.603794883960546
34_69,221.74541566976188
34_70,66.50118702253837
35_9,17.13999614601552
35_10,243.72868713159312
35_11,209.9971610720367
35_12,197.80055890041388
35_13,409.75413307865057
35_14,189.6486342700764
35_15,260.5750647398791
35_16,200.1368883425056
35_17,180.90497320584709
35_18,137.31758730402618
35_19,128.88035415399133
35_20,210.46455919904142
35_21,175.5975546773389
35_22,221.66650974992365
35_23,344.9259388175343
35_24,405.82880556563146
35_25,402.8989623575776
35_26,52.96964286093049
35_27,196.91329761803684
35_28,582.195352995275
35_29,262.31513718561274
35_30,357.89309613873536
35_31,335.34601920337184
35_32,58.12968500719812
35_33,76.1954424382614
35_34,116.0938690042295
35_35,331.75955264308465
35_36,334.8630673093542
35_37,246.23196124822422
35_38,97.20594562820666
35_39,8.917534239748642
35_40,9.149985278854498
35_41,59.07713657099589
35_42,98.34877641891188
35_43,83.43960312595419
35_44,35.64968871207802
35_45,32.38359084755058
35_46,33.05619300534846
35_47,18.57775941933953
35_48,8.693963434378082
35_49,42.42719076278071
35_50,47.086884677296794
35_51,17.610588223568925
35_52,15.156997035355564
35_53,9.95760984580043
35_54,8.568910134734523
35_55,6.741666587953955
35_56,21.22112908705558
35_57,59.26768960645199
35_58,87.66740063029579
35_59,37.241061421433436
35_60,52.57360697537844
35_61,109.74286300312968
35_62,36.16831370855533
35_63,31.370815070041658
35_64,23.86787348049773
35_65,15.90758218529636
35_66,46.45713336882424
35_67,49.66580408644704
35_68,38.39174143160737
35_69,10.3508886760143
36_9,107.24458835537246
36_10,260.95460104985904
36_11,196.92085162138187
36_12,43.03081835137017
36_13,16.02711597358213
36_14,14.792785700852157
36_15,220.77775335058163
36_16,134.62790095605817
36_17,164.46862859961684
36_18,140.7918318092328
36_19,135.2351636849789
36_20,229.5861200383768
36_21,325.16590311805066
36_22,179.63729555342152
36_23,135.7990809550851
36_24,91.02770427498345
36_25,68.53297200499304
36_26,53.04774949163012
36_27,104.82812067458755
36_28,456.0037048521141
36_29,163.19647534867426
36_30,254.69443107538694
36_31,273.05908848506385
36_32,216.6468953952679
36_33,535.0846105878823
36_34,43.322863839579796
36_35,393.54754428005236
36_36,418.46917464215335
36_37,497.96371506657636
36_38,193.68027337404024
36_39,23.658855492237258
36_40,35.14068817146678
36_41,135.55106194582072
36_42,224.8652139716704
36_43,114.0129974570051
36_44,84.61663622995084
36_45,61.27234386757281
36_46,50.960972721591425
36_47,37.06246111531938
36_48,6.5140868419733655
36_49,5.767025586346826
36_50,19.39425384657985
36_51,16.96056991396216
36_52,13.430829331490811
36_53,8.62448890615466
36_54,6.033504611023397
36_55,6.060845691842249
36_56,28.898918914807354
36_57,57.480517960789335
36_58,36.10845626549835
36_59,35.13781054270637
36_60,34.88619077147364
36_61,34.85829350338407
36_62,31.915312823604935
36_63,31.915312823604935
36_64,27.241907860572226
36_65,95.90806814371982
36_66,51.68227065517353
36_67,53.85555577499079
36_68,44.42379166396135
36_69,13.562371035651237
36_70,0.0
37_9,50.05566890189822
37_10,226.04230173782514
37_11,286.5155489486479
37_12,185.54199570346682
37_13,34.431356361286795
37_14,22.16306867477475
37_15,192.73943134832564
37_16,128.54219784894804
37_17,151.37162264652227
37_18,160.50113819045492
37_19,167.1716704336377
37_20,545.4267407948693
37_21,558.6681225013899
37_22,20.18032554638977
37_23,11.462582238310837
37_24,1.7208664433480418
37_25,12.65869725643622
37_26,52.60431602614768
37_27,149.79803365367187
37_28,635.6661293932524
37_29,210.20391679187117
37_30,222.63717717167847
37_31,221.86708293846164
37_32,286.5485281039909
37_33,418.90768952871366
37_34,380.28265025687415
37_35,403.81680686661093
37_36,355.7659173896969
37_37,356.3663500021924
37_38,340.8169708291101
37_39,81.46896962546994
37_40,53.65613581093692
37_41,233.0375164279168
37_42,162.89804276477
37_43,147.58574295085683
37_44,103.05488345074977
37_45,50.6200683846663
37_46,23.874492861366768
37_47,10.66025454408551
37_48,4.069453378470653
37_49,3.797000662116179
37_50,3.797000662116179
37_51,4.8131290750980575
37_52,8.490516116972199
37_53,5.772830757231648
37_54,5.772830757231648
37_55,38.504820519257265
37_56,147.37384044987044
37_57,91.91656599599841
37_58,34.03570578907864
37_59,26.030302485406473
37_60,21.63407995521627
37_61,86.82148294983253
37_62,82.81031815586668
37_63,35.89600837797486
37_64,121.73978940222041
37_65,220.59292331275557
37_66,152.97794419713185
37_67,103.42439748967904
37_68,69.78205796708227
37_69,53.263104492445315
37_70,2.126225180951218
38_10,18.224709407634368
38_11,160.80372121806212
38_12,315.82426514499497
38_13,131.607131435848
38_14,86.39080659803626
38_15,136.53414711844454
38_16,243.60553783503005
38_17,207.80010781377825
38_18,216.6098196689721
38_19,221.33462226448117
38_20,346.68873542213515
38_21,216.59377565939656
38_22,33.389694869412914
38_23,0.0
38_24,0.0
38_25,0.0
38_26,19.01965661439302
38_27,84.32221055744598
38_28,328.42292587141264
38_29,608.917970960857
38_30,429.1528172096642
38_31,263.6811133300324
38_32,257.7916834730551
38_33,339.4012786725245
38_34,327.6809077150306
38_35,288.44636362998153
38_36,191.11722595975527
38_37,239.8855535716438
38_38,128.7809686678282
38_39,59.593408120399914
38_40,74.70525951852542
38_41,164.515318011965
38_42,133.1317422676046
38_43,141.9137451960879
38_44,84.81386771616941
38_45,41.372344025823594
38_46,18.39853489425893
38_47,15.005385866881525
38_48,14.992771566446995
38_49,3.797000662116179
38_50,3.797000662116179
38_51,3.797000662116179
38_52,5.2104033170161115
38_53,5.775184482063733
38_54,6.2149220626845745
38_55,58.14793582258478
38_56,112.66794141290438
38_57,15.668090922514356
38_58,16.84921267196337
38_59,68.36413476757276
38_60,153.22269387635572
38_61,83.8348342003267
38_62,161.15518529656688
38_63,112.2504928231855
38_64,68.86292729968156
38_65,117.23703379103512
38_66,150.80156460440674
38_67,117.2249468851449
38_68,85.69379626777096
38_69,4.125064978429816
39_11,28.716682623214936
39_12,178.50271193789305
39_13,187.9008599269268
39_14,173.09817440193478
39_15,150.9093861344891
39_16,184.86400928018475
39_17,188.25928728676985
39_18,166.80415576930466
39_19,238.13812702042787
39_20,291.4501692856072
39_21,135.166874505612
39_22,117.01402189013183
39_23,3.2329311161378995
39_24,39.453143355892784
39_25,64.03101619092486
39_26,34.05050396578634
39_27,165.7442194039439
39_28,624.9083019988069
39_29,922.903626484997
39_30,415.6042215671456
39_31,270.11511675861766
39_32,330.7834218254866
39_33,393.9045498902026
39_34,561.1161650789827
39_35,419.2217626726694
39_36,333.31324277138276
39_37,252.4341837155789
39_38,178.7503427957812
39_39,81.98059976403334
39_40,81.67286166834981
39_41,100.23439294620736
39_42,129.78286641482296
39_43,119.74984683628477
39_44,83.34625446705917
39_45,49.39540656128605
39_46,39.88262277796152
39_47,42.17809283984308
39_48,22.652311584566796
39_49,3.797000662116179
39_50,3.797000662116179
39_51,3.766826102776065
39_52,6.654796247756685
39_53,7.605920323773334
39_54,7.662558557238683
39_55,16.87385052338079
39_56,25.530412440268215
39_57,21.039057055593375
39_58,60.895781683166234
39_59,129.4996883547295
39_60,128.9032035434215
39_61,63.35452595605103
39_62,109.38003359604704
39_63,23.462701359782663
39_64,17.30393804294702
39_65,23.55545487320237
39_66,23.364317822926097
39_67,33.11631363827548
39_68,82.7703810261354
39_69,24.41962017267911
40_12,11.185579149370191
40_13,218.913140569798
40_14,131.22784262141653
40_15,182.47019382871673
40_16,214.10957410460958
40_17,288.8909038182594
40_18,103.190617755224
40_19,188.41299429091572
40_20,134.4085965839556
40_21,88.99478315043284
40_22,101.3807423848242
40_23,70.07639973119115
40_24,308.05815861841955
40_25,161.6963825810985
40_26,187.4529882297066
40_27,763.8337844173602
40_28,1213.1060260077754
40_29,879.6264136110958
40_30,1055.2655123620102
40_31,548.0926177700067
40_32,407.75943585874984
40_33,481.28132632292323
40_34,491.6942686365419
40_35,469.35091920790035
40_36,448.9308957624899
40_37,254.55086745364372
40_38,152.0304801090511
40_39,83.48666715161909
40_40,76.00850542621788
40_41,107.67806135070455
40_42,156.59763950164557
40_43,163.83962543471097
40_44,84.42654560747457
40_45,65.81102688218303
40_46,106.45774364924344
40_47,40.277784394674036
40_48,3.797000662116179
40_49,6.835142981425924
40_50,10.045479431834913
40_51,2.912274830840154
40_52,5.197383913888313
40_53,9.542281958966946
40_54,15.651215680272855
40_55,19.542605431431774
40_56,17.873549568869187
40_57,15.529946732446632
40_58,18.9144527116382
40_59,17.322089453753616
40_60,22.06315239513913
40_61,13.105086573266716
40_62,9.622822839458435
40_63,5.237991414916159
40_64,2.880459409819623
40_65,16.71507467489875
40_66,12.026843226666795
40_68,29.556326132212178
41_12,68.55756793952501
41_13,282.6495742141284
41_14,132.54987619396195
41_15,155.22147843997112
41_16,201.59785553434597
41_17,186.6900036811093
41_18,104.5305924280497
41_19,174.79672066982116
41_20,72.48254193215097
41_21,60.820255253285495
41_22,49.14745528396497
41_23,44.600007328947065
41_24,234.32563427951249
41_25,540.1058839259957
41_26,645.3435302395417
41_27,874.8309546294284
41_28,1001.9358282093445
41_29,643.9759621543058
41_30,651.9257776584292
41_31,293.3523951103971
41_32,172.64819858579426
41_33,547.8521922193034
41_34,198.64626403202647
41_35,406.4786774280179
41_36,160.12535086455597
41_37,170.15680057180387
41_38,65.01540263121939
41_39,49.93714982891507
41_40,35.57255242139691
41_41,85.20226525793022
41_42,161.1883009272605
41_43,171.20760905589694
41_44,131.0253201046179
41_45,113.55648162638289
41_46,138.51391282305002
41_47,98.46859528086449
41_48,31.365059076609477
41_49,28.028627273085668
41_50,19.343186493053246
41_51,8.482773206970922
41_52,7.5400265020001305
41_53,2.78987777676328
41_54,2.78987777676328
41_55,3.6164654947266373
41_56,7.26062998330872
41_57,15.525213915052575
41_58,15.525213915052575
41_59,15.661767194068737
41_60,17.836559665837683
41_61,18.08490670742439
41_62,7.175116910457706
41_65,2.3965038160273084
42_12,86.79305726495134
42_13,384.80836500428865
42_14,161.21417185417857
42_15,119.94148608939997
42_16,109.73732822241749
42_17,96.17989391464133
42_18,96.16696752622745
42_19,298.323475264823
42_20,191.30794783703755
42_21,95.8716095744042
42_22,121.32487909557338
42_23,264.7937102561747
42_24,138.36669256043572
42_25,363.1231368637006
42_26,428.445681116382
42_27,292.99676485317997
42_28,420.95445146186677
42_29,232.66182454944982
42_30,411.5050437943797
42_31,268.40090954312495
42_32,239.18627662038463
42_33,335.48810915179683
42_34,15.72721927470403
42_35,94.41942234896163
42_36,316.66932688131504
42_37,214.72753934640525
42_38,33.31321634162639
42_39,33.31321634162639
42_40,33.666943722757544
42_41,71.90520312181242
42_42,136.12084135233212
42_43,165.71173237170106
42_44,179.70170953714327
42_45,162.69370019682256
42_46,214.991125512053
42_47,200.16703346967037
42_48,40.850944538671904
42_49,27.88515669962733
42_50,30.920986237787528
42_51,33.3806824646146
42_52,11.668649361155287
42_53,2.78987777676328
42_54,9.62417728509668
42_55,5.234476880674588
42_56,9.91626381002472
42_57,15.525213915052575
42_58,15.525213915052575
42_59,15.525213915052575
42_60,15.397119268373823
42_61,10.08797302986258
43_12,20.89249035247467
43_13,336.37801216027947
43_14,209.33796643719677
43_15,139.25153913269668
43_16,114.22112592125885
43_17,141.83973802079382
43_18,123.86169226077473
43_19,179.91569632597714
43_20,236.3701112753303
43_21,201.78822630752313
43_22,329.0591639613423
43_23,589.3317430811761
43_24,423.2386365710041
43_25,273.1999204998076
43_26,388.8716930958414
43_27,117.14021830201818
43_28,63.50199005751702
43_29,98.37123639607037
43_30,224.91348592814313
43_31,87.24008532267673
43_32,69.58257944986624
43_33,137.27167349689486
43_34,88.32628252574247
43_35,52.76373711621633
43_36,233.57644284205406
43_37,137.25926212278998
43_38,33.31321634162639
43_39,33.3284196046806
43_40,34.86839229626924
43_41,55.20052666763981
43_42,151.10026535681067
43_43,196.01726267929237
43_44,189.1760005345033
43_45,150.58683023241383
43_46,175.13554901474166
43_47,207.13272721162488
43_48,24.88545167928754
43_49,41.032573985196464
43_50,53.78653027149987
43_51,39.30899204964451
43_52,28.781658904350554
43_53,18.246343638450856
43_54,22.10075354671782
43_55,15.485870052573476
43_56,3.410949458414066
43_57,6.346521812403129
43_58,10.588434330660965
43_59,11.726360543380675
43_60,5.322218212793102
44_11,15.157166221101253
44_12,72.91567399791495
44_13,194.20105825994386
44_14,165.7237523121667
44_15,120.86292415568477
44_16,129.97655227235902
44_17,188.87191702277738
44_18,171.65667987302342
44_19,116.19608297451938
44_20,173.95308968175925
44_21,228.96381887024577
44_22,470.90585767377246
44_23,534.419806158964
44_24,560.7495219576731
44_25,265.0900531978174
44_26,280.2061839697916
44_27,203.84959984104006
44_28,112.94701198371571
44_29,109.2326045867724
44_30,108.68061845699543
44_31,128.99324016012127
44_32,44.0565826271921
44_33,62.439267871240745
44_34,105.35263778856492
44_35,102.11461256315395
44_36,212.8445576797321
44_37,102.94884402100078
44_38,72.6838765229203
44_39,39.25893192728094
44_40,219.21226980795518
44_41,179.6604781303066
44_42,146.7082454328711
44_43,305.09984734851554
44_44,346.2896562786251
44_45,359.06571928260286
44_46,177.98772550858428
44_47,39.83917237324333
44_48,21.462149792836335
44_49,19.326439040335778
44_50,21.0982224146865
44_51,23.11461426782243
44_52,26.599861265419722
44_53,22.368311369904937
44_54,8.322286636684886
44_59,2.3965038160273084
45_12,26.569692219501107
45_13,200.45416388229583
45_14,235.1493578048694
45_15,185.73550570605937
45_16,202.86054922781065
45_17,192.54089189920052
45_18,210.19763192344428
45_19,104.14248934150527
45_20,133.58532777100925
45_21,172.5224863565387
45_22,284.2034497631277
45_23,380.5445229919404
45_24,416.72222082461656
45_25,422.46495447831717
45_26,240.93106005654363
45_27,190.97243620917337
45_28,210.76776901840717
45_29,141.64369200567228
45_30,178.9339302956785
45_31,148.80741946287057
45_32,25.129232741373688
45_33,69.45606408519488
45_34,45.17044711518848
45_35,87.42247966778454
45_36,100.51347824237752
45_37,123.055648252519
45_38,212.71059062997463
45_39,236.02084311645862
45_40,287.6535216225961
45_41,302.17543350750645
45_42,100.20370320834128
45_43,417.0730583677436
45_44,384.38192913034464
45_45,367.5439247690851
45_46,149.82189536025967
45_47,39.141097836339156
45_48,9.564230549436154
45_49,8.79495305731668
45_50,2.9208925998583095
45_51,2.9208925998583095
45_52,6.550923257157347
45_53,5.69249348196639
45_54,3.321598916033098
46_7,14.22085772261849
46_12,8.733598331391331
46_13,236.90010928792765
46_14,226.5112103333583
46_15,232.08391388254853
46_16,249.43930737704542
46_17,199.60625029256073
46_18,116.85449741260317
46_19,79.92687602721406
46_20,98.57986411712781
46_21,205.51749215792938
46_22,245.25701994707015
46_23,258.95625088959514
46_24,433.63655256084877
46_25,423.9162357702566
46_26,193.28776328153512
46_27,315.465774364461
46_28,256.91550887351
46_29,144.80491075490818
46_30,73.25901330895528
46_31,73.08075004323942
46_32,89.76407778036477
46_33,133.523528036878
46_34,117.31660056698075
46_35,111.82625208437095
46_36,128.2434812165896
46_37,216.23734111621852
46_38,228.82013582374356
46_39,209.87828777088984
46_40,114.478247482033
46_41,72.01211736923209
46_42,34.40136525621808
46_43,383.3905155765566
46_44,273.607290177467
46_45,166.87693490321902
46_46,71.40197626004588
46_47,11.488387917720924
46_48,9.305446481974169
46_49,9.277789223088131
46_50,4.380668536747779
46_51,3.0783708197500506
46_52,2.9208925998583095
46_53,2.9248608651608747
46_54,3.1784425780517886
46_55,3.427199185981281
47_4,5.2476617572843205
47_5,10.995824837334835
47_6,11.142277590968432
47_7,16.44157235802958
47_8,16.574798757272003
47_9,10.639496010562313
47_12,45.63081896425449
47_13,118.1663085410454
47_14,189.94112763254705
47_15,189.1394987628987
47_16,183.24433993692145
47_17,146.73917037846655
47_18,105.7470571029506
47_19,78.00793437546861
47_20,146.8819195002903
47_21,271.3064670403511
47_22,354.91051901975356
47_23,70.05270514249935
47_24,156.20214071546476
47_25,156.91508627022972
47_26,199.25134382655006
47_27,468.48815500385297
47_28,390.9985261660929
47_29,57.16490556811373
47_30,39.54234794577909
47_31,73.26608368013838
47_32,173.7821269927083
47_33,272.65614756284015
47_34,129.23793973931978
47_35,136.96028463943676
47_36,246.32203349221112
47_37,261.3488423821981
47_38,381.79027188945105
47_39,342.69490408554094
47_40,275.0976694231743
47_41,259.4124246126487
47_42,256.0047277069323
47_43,134.27918262316248
47_44,103.44953279498452
47_45,86.32870665701626
47_46,29.47316300237287
47_47,10.724993509333174
47_48,9.305446481974169
47_49,9.305446481974169
47_50,9.250352257770633
47_51,8.918384288238661
47_52,4.569400390592039
47_53,2.9208925998583095
47_54,3.9312185354377247
47_55,17.667828346055785
47_56,25.238832440834678
48_4,5.160268839547313
48_5,14.535372947413807
48_6,15.011753073677728
48_7,16.563784315117264
48_8,17.189928504607757
48_9,17.015971461093844
48_10,10.748966489395228
48_11,6.085551942496906
48_12,90.56257973836549
48_13,113.87025857737153
48_14,167.3120832377247
48_15,81.06254343879765
48_16,51.634854949504
48_17,87.39545227665255
48_18,80.47536956569368
48_19,86.33675334992061
48_20,100.33742170780071
48_21,171.43919343818075
48_22,83.2789274402031
48_23,2.0900245520633316
48_24,21.48840337148668
48_25,115.03599755070456
48_26,269.26163870812735
48_27,311.76174182658417
48_28,377.7530855205973
48_29,106.91272513058271
48_30,92.3106431681049
48_31,147.35081493149198
48_32,359.0553402117206
48_33,248.9281077423146
48_34,121.00211156904305
48_35,165.6156486207874
48_36,176.69011387506325
48_37,421.9534167890069
48_38,587.6642566971974
48_39,533.8962557576366
48_40,293.40843574237545
48_41,305.2935337128672
48_42,292.6045348262566
48_43,159.74593121384976
48_44,79.51419386397275
48_45,53.97741902540168
48_46,14.854474691480046
48_47,9.305446481974169
48_48,9.305446481974169
48_49,9.305446481974169
48_50,9.305446481974169
48_51,9.305446481974169
48_52,14.315797325513525
48_53,45.918125948422606
48_54,79.26705092014416
48_55,107.27370143558642
48_56,84.83133692063775
48_57,15.593452133509075
49_4,7.4342341369445535
49_5,14.189381444359377
49_6,13.903697660566174
49_7,11.108836719923763
49_8,16.498938985503848
49_9,17.21209288440674
49_10,17.21209288440674
49_11,22.71964441352808
49_12,63.34290575888029
49_13,75.9745132640123
49_14,109.86826093593967
49_15,117.66874552308091
49_16,80.90831662351918
49_17,83.64918617355275
49_18,101.33157098782198
49_19,113.77043198861213
49_20,164.06910570585455
49_21,221.52534599681312
49_22,227.2775254841789
49_23,212.08686396240293
49_24,50.570062875889036
49_25,144.35531113906137
49_26,240.1587426441806
49_27,310.5089280770175
49_28,365.80910831689073
49_29,325.8347210577688
49_30,304.6636552653878
49_31,276.6621256427353
49_32,190.07198967531212
49_33,161.85873945531023
49_34,119.95185481853895
49_35,111.38721245619574
49_36,160.3512179998498
49_37,203.95521134993044
49_38,428.8897721374557
49_39,439.2414835017093
49_40,392.3402728107494
49_41,448.8704313389212
49_42,286.5160580814468
49_43,232.84074950742547
49_44,126.30175598298928
49_45,66.01298006513639
49_46,14.495305516294142
49_47,9.45040727822806
49_48,9.305446481974169
49_49,9.305446481974169
49_50,11.521396900879768
49_51,28.05486774141761
49_52,30.04014091120908
49_53,56.375294892598156
49_54,62.17759906238761
49_55,51.457535056895864
49_56,38.567979466521564
49_57,26.052123324786077
50_4,5.076189748081071
50_5,10.886425989070387
50_6,10.870205232141817
50_7,86.25525074530012
50_8,324.4757983360884
50_9,13.97986684405657
50_10,15.178515862096596
50_11,42.83243756483337
50_12,30.851000630950708
50_13,67.2311648405496
50_14,89.08378509883318
50_15,114.73797067940815
50_16,116.07155012158256
50_17,134.75454719140623
50_18,139.18228651149647
50_19,107.34185728804833
50_20,216.26429797426457
50_21,322.411207601678
50_22,277.5111328157826
50_23,261.45636728421664
50_24,119.59971748765365
50_25,162.2108547757125
50_26,209.89135937238572
50_27,245.96433436242557
50_28,184.2444872386904
50_29,142.65092622443828
50_30,239.67962882045458
50_31,357.66265811817215
50_32,337.51218262262785
50_33,187.95834054984397
50_34,178.72213597327178
50_35,117.66816366310248
50_36,191.341946256195
50_37,304.2016715634557
50_38,245.96609246669067
50_39,215.95658499875148
50_40,200.22917086959916
50_41,167.48857994871017
50_42,254.14216221900728
50_43,105.4692318798304
50_44,66.8786531163944
50_45,45.088911824125276
50_46,22.068846585568444
50_47,51.97410685667679
50_48,38.28564555309495
50_49,15.825738206563582
50_50,21.98221811130063
50_51,50.92989802226503
50_52,69.11994914211168
50_53,78.8009008675914
50_54,52.32254265773882
50_55,30.706712102372315
50_56,44.61274034915445
50_57,46.62123281041428
51_4,4.804416342018494
51_5,10.870205232141817
51_6,10.870205232141817
51_7,13.768501441277747
51_8,12.315651920879509
51_9,10.870205232141817
51_10,56.155169276127296
51_11,143.93822160747598
51_12,27.544124095038896
51_13,75.42445686900717
51_14,92.9159795282852
51_15,90.56497609130389
51_16,189.045632515394
51_17,186.99323448131264
51_18,337.1357402913231
51_19,208.88536512363527
51_20,188.70438842496347
51_21,251.96968473031018
51_22,220.0161049009181
51_23,196.68107081641367
51_24,165.3544249050768
51_25,162.15031409880407
51_26,265.7098771427942
51_27,213.63802832666363
51_28,146.0921602818705
51_29,160.70004790891744
51_30,291.7086461747762
51_31,279.30619933747425
51_32,273.26466955613296
51_33,243.0152205799543
51_34,172.49269503068356
51_35,84.06469400570968
51_36,44.35051146551859
51_37,165.75094493835658
51_38,112.93193810894675
51_39,67.99628371049941
51_40,69.85118435578795
51_41,151.91523533863878
51_42,170.35746350611277
51_43,76.70990713320012
51_44,58.75467269929353
51_45,65.44495070510341
51_46,81.22486435457363
51_47,148.78692590431712
51_48,139.77203437100738
51_49,18.37622012152892
51_50,44.70444400969134
51_51,57.457798321169335
51_52,65.17978233782895
51_53,67.89029922436183
51_54,65.34816403541954
51_55,39.57315501187112
51_56,44.801895316316255
51_58,20.51369755565933
52_5,10.641984463247478
52_6,17.070042726974425
52_7,29.023784733481484
52_8,11.192546969401079
52_9,11.320553710225695
52_10,42.763100642292
52_11,77.20493614021309
52_12,74.13761749684065
52_13,131.46239812150623
52_14,62.50495778752138
52_15,85.6232536037775
52_16,114.00138796120291
52_17,17.758128552138338
52_18,154.57267341391008
52_19,353.16862425354304
52_20,302.4085750809884
52_21,302.23383235036215
52_22,362.34337166515445
52_23,325.31511829529177
52_24,237.91567512874136
52_25,162.44002918658583
52_26,195.26676500893913
52_27,323.93966491924897
52_28,240.69110360668373
52_29,177.2644729901462
52_30,222.42325898967903
52_31,205.9828433483528
52_32,215.41924616961387
52_33,157.23834889046068
52_34,115.3305486498036
52_35,102.70510186930721
52_36,43.17194243176931
52_37,43.377141445196855
52_38,166.5370364595052
52_39,175.71918705434138
52_40,207.7990582107347
52_41,189.06791062569988
52_42,36.1245913694184
52_43,29.36807990113036
52_44,11.308889363948532
52_45,49.541498010200876
52_46,67.05196135702553
52_47,125.81286251009877
52_48,74.31270993561509
52_49,21.652114735127604
52_50,23.139929789888416
52_51,24.184943172691177
52_52,26.284470956351452
52_53,34.20328531389441
52_54,66.79346193471284
52_55,34.2895792652385
52_56,36.46051815148775
53_5,5.0799725613735625
53_6,8.325001912407995
53_7,21.740447802138323
53_8,20.96770721992736
53_9,19.637979828364628
53_10,59.8396374436279
53_11,68.59901691628171
53_12,85.89999085312583
53_13,143.71188221040035
53_14,44.02956920533347
53_15,38.31402176221878
53_16,21.1108904176328
53_17,9.295689346849219
53_18,58.74869724379751
53_19,145.6942743257961
53_20,349.09196604193215
53_21,308.3597921079286
53_22,302.0024043223205
53_23,257.94778631948617
53_24,204.87961658924243
53_25,193.65332096679862
53_26,175.28890458615822
53_27,211.0871327173041
53_28,223.6345606235165
53_29,209.4693132117362
53_30,348.27436991068527
53_31,132.04103910502198
53_32,72.85435493054739
53_33,71.3069125711647
53_34,88.02863158520039
53_35,215.88532748056886
53_36,57.20186504001515
53_37,45.44199144117704
53_38,168.95976382963255
53_39,201.47565802929293
53_40,185.580231785466
53_41,94.21648104238358
53_42,15.24933647299218
53_43,14.378466251129026
53_44,24.57030168679614
53_45,49.013911012230984
53_46,64.71668334582726
53_47,100.04297170127431
53_48,53.221686844359866
53_49,57.96246670742747
53_50,13.91238541614538
53_51,11.832753972617727
53_52,17.53996781883331
53_53,18.48936366306695
53_54,58.75380131729187
53_55,16.04115531534112
53_56,15.626979260006554
53_57,9.181597793624986
54_4,3.363105893092905
54_5,4.304818862825847
54_6,4.304818862825847
54_7,4.459806403457377
54_8,4.304818862825847
54_9,19.50005820175096
54_10,63.85414288186573
54_11,63.76247050753665
54_12,63.7219949784692
54_13,56.08529225989946
54_14,30.085375153369064
54_15,10.034096119549607
54_16,7.783961611339689
54_17,16.221565277753037
54_18,46.11200797248781
54_19,71.8578779342964
54_20,184.68673021109785
54_21,182.96107002993696
54_22,143.10708034926753
54_23,168.25842925264584
54_24,155.69194882028847
54_25,143.18627192397201
54_26,134.98284705013816
54_27,136.64501246267938
54_28,177.81739644049435
54_29,259.1811265400846
54_30,335.5764983304242
54_31,194.24953867929122
54_32,68.43547549702157
54_33,80.90465709319284
54_34,174.8326178011213
54_35,429.9796728341623
54_36,107.17660919725597
54_37,53.043658138162876
54_38,191.42290292006555
54_39,170.35974477753302
54_40,97.7365479149235
54_41,25.943938088058594
54_42,26.12069824718102
54_43,39.25449573715878
54_44,51.07325570398911
54_45,52.12982011594608
54_46,64.63041980343309
54_47,65.12800685127311
54_48,72.69350141544795
54_49,71.42910009326643
54_50,36.614564508178866
54_51,24.507204394191138
54_52,15.97779312104074
54_53,15.980599905264935
54_54,15.640629183572978
54_55,15.626979260006554
54_56,14.54794953618635
55_2,1.6505758913320934
55_3,3.95006120024081
55_4,4.304818862825847
55_5,4.304818862825847
55_6,4.304818862825847
55_7,4.304818862825847
55_8,10.92630651908901
55_9,75.43075506338076
55_10,23.761164178030292
55_11,42.42002591541735
55_12,64.20963951004036
55_13,64.87264747871802
55_14,19.65212864223527
55_15,10.059290634488336
55_16,11.983739161241099
55_17,18.609009805321868
55_18,36.79201923110137
55_19,52.15209324379017
55_20,64.10042487401944
55_21,62.93440444250916
55_22,56.56006697052334
55_23,64.2132344712325
55_24,89.47821566022935
55_25,171.6178856065721
55_26,105.12974426230511
55_27,115.93638443422498
55_28,159.93380495967898
55_29,217.60443771940257
55_30,271.5062869773169
55_31,367.25116197741704
55_32,233.64717048118973
55_33,148.97986118777726
55_34,230.9005464093383
55_35,202.6224765517176
55_36,136.98889279672753
55_37,145.43126182193592
55_38,166.2736101947064
55_39,130.68803623286726
55_40,43.26067822739772
55_41,22.858230411891906
55_42,30.88758552512104
55_43,36.592387679883394
55_44,39.590355262929954
55_45,39.22844654828589
55_46,175.6837627478488
55_47,194.68919907437456
55_48,116.65176531108033
55_49,161.31233746518765
55_50,118.332793081808
55_51,5.13438086877118
55_53,15.664907367913576
55_54,15.626979260006554
55_55,15.31211110825281
55_56,7.164657746085126
56_1,1.268077927588995
56_5,4.304818862825847
56_6,4.304818862825847
56_7,6.70327261787301
56_8,35.446506236070164
56_9,47.97736441199485
56_10,22.40168740710429
56_11,23.236847403837956
56_12,31.95066999976047
56_13,57.13590600620542
56_14,48.898031468569435
56_15,27.903022432391687
56_16,15.923018979677993
56_17,20.373482079990897
56_18,12.92487890576418
56_19,31.155587818631886
56_20,147.18038981361696
56_21,124.95981259632558
56_22,150.96164894879354
56_23,106.0998291421795
56_24,181.0315532572795
56_25,150.80818428297627
56_26,117.18796125413976
56_27,150.85691187575696
56_28,236.189103190639
56_29,295.25948083692606
56_30,321.2360020235572
56_31,356.5512684950253
56_32,222.4514047912826
56_33,253.08450928124518
56_34,251.62657764033966
56_35,41.45833460430832
56_36,74.52497507817752
56_37,332.40813771789703
56_38,411.7734648132067
56_39,272.4043365566224
56_40,47.87233321675874
56_41,26.243354826928478
56_42,32.98447281933171
56_43,23.364521355477734
56_44,22.38336103634982
56_45,25.96758756379555
56_46,79.33425649037346
56_47,93.9989295521113
56_48,258.8728735697603
56_49,208.81286862618995
56_50,21.61854965375765
56_51,3.003887661460473
56_52,3.4050025360396403
56_53,11.159167202742656
56_54,10.98286882298118
56_55,2.2428896786512613
57_0,2.7168182342660625
57_1,7.266112561617147
57_2,8.864900548028626
57_3,16.34664292227632
57_5,3.453172847799208
57_6,3.3905912783627614
57_7,9.212670027286183
57_8,32.3356068901978
57_9,24.947010840507637
57_10,19.650268807642803
57_11,38.1776353665173
57_12,37.06840759566237
57_13,46.01121630482577
57_14,46.884468573596706
57_15,53.593363331506765
57_16,36.551899814981894
57_17,24.46925594960735
57_18,15.41779562055384
57_19,72.60668161295987
57_20,240.0174329004377
57_21,126.07675179307299
57_22,142.25361084758765
57_23,125.0628774030286
57_24,173.0209322541644
57_25,212.5145035242021
57_26,223.36698346795183
57_27,201.8274633365963
57_28,213.4826782851806
57_29,244.39684807640964
57_30,283.9553721768408
57_31,157.88242457160925
57_32,126.2714548196568
57_33,319.90097096679426
57_34,218.11617431386344
57_35,33.745195439693575
57_36,52.40936048903238
57_37,203.86122270489906
57_38,305.0451856335265
57_39,273.74340216382154
57_40,86.06839856416101
57_41,31.438681228900062
57_42,23.114905256832053
57_43,21.628266141518907
57_44,8.423591700809641
57_45,15.133470862801891
57_46,19.182669617533573
57_47,11.27163387753944
57_48,111.20804279377924
57_49,118.28867094117359
57_50,9.1431687280116
57_51,2.9812021897622913
58_0,7.601062512018775
58_1,17.588990253204706
58_2,10.223048353195722
58_3,5.652088671769312
58_4,2.515911823362151
58_5,2.616865494945691
58_8,2.8158318671774056
58_9,8.633112576218332
58_10,13.477950495906342
58_11,41.465729211079655
58_12,28.75359293457259
58_13,31.13694786900455
58_14,44.54022153765007
58_15,82.8075700508521
58_16,120.73311729108588
58_17,100.43908404788729
58_18,56.07531514472794
58_19,40.302468224351195
58_20,76.22980362431312
58_21,61.702291234242445
58_22,67.86851142139476
58_23,74.44753737487055
58_24,96.99589359710207
58_25,204.862642357963
58_26,197.1907909473193
58_27,159.31417013822377
58_28,160.32957090452257
58_29,221.51776644141336
58_30,249.90078481812762
58_31,151.21092196452693
58_32,145.6704743504759
58_33,332.49511748817804
58_34,185.57175510878074
58_35,56.861443609490806
58_36,113.58661012500345
58_37,62.68607040095006
58_38,173.35526114772674
58_39,112.93566521220416
58_40,13.1954559307756
58_41,18.111019026254525
58_42,8.895248720912969
58_43,7.258188841620443
58_44,4.257554948302396
58_45,3.003887661460473
58_46,4.094662036313324
58_47,3.003887661460473
58_48,10.40820801683077
58_49,56.76648763814673
58_50,3.533046469074389
58_51,1.3907526869615208
59_1,3.6455055792939137
59_4,7.253751462018926
59_5,7.49589384532878
59_6,2.616865494945691
59_7,2.616865494945691
59_8,6.445793792975918
59_9,28.430737564006698
59_10,16.787527927319836
59_11,18.683327175923413
59_12,20.63879639891109
59_13,36.21412360260368
59_14,41.94914435120206
59_15,101.8095710457995
59_16,177.1818148448569
59_17,251.34405151146063
59_18,280.0442089036614
59_19,36.43520371933726
59_20,45.05544906553277
59_21,39.625357338655725
59_22,43.94907812618314
59_23,56.71944035666956
59_24,41.4634634958037
59_25,153.39517101153604
59_26,170.34628557607235
59_27,170.92811150704466
59_28,172.5807144412539
59_29,265.09416214520076
59_30,192.62501662397634
59_31,128.46610984813208
59_32,132.43694808821695
59_33,270.8874775673276
59_34,181.46057915761276
59_35,40.584467317808965
59_36,92.4763594139162
59_37,74.77052886727958
59_38,22.150773268218657
59_39,10.820573531762985
59_40,10.801185321710847
59_41,10.545352320567444
59_42,7.128356432457169
59_43,3.0114315402384344
59_45,3.003887661460473
59_46,3.001143918871337
59_47,2.640648918484045
59_48,1.6642599221503624
59_49,2.2295687223792124
59_50,2.354839250858687
60_4,13.247260288008064
60_5,14.132442363867312
60_6,26.56893636333344
60_7,31.14105324151091
60_8,66.49067210803251
60_9,38.68214777906194
60_10,17.24069928681246
60_11,11.518247200989972
60_12,15.539567910182209
60_13,13.973941458345411
60_14,68.34690163908351
60_15,61.76804155337296
60_16,31.3049722818629
60_17,71.64579267551949
60_18,73.02944020039227
60_19,25.351422439463427
60_20,40.50047398735834
60_21,30.455609129437796
60_22,18.43036547040363
60_23,39.44872656785188
60_24,37.46761422346381
60_25,28.600055233181095
60_26,70.7177862096014
60_27,144.67585619446905
60_28,113.64164287320914
60_29,295.7282917065087
60_30,210.81488539266434
60_31,154.0623681982529
60_32,283.1775083670742
60_33,294.07658636767377
60_34,127.82559876078193
60_35,57.35968023179263
60_36,86.2020314029526
60_37,85.71055467481791
60_38,10.801185321710847
60_39,10.801185321710847
60_40,10.801185321710847
60_41,6.914558863281626
60_42,5.157114108311335
60_43,3.00513327989887
60_44,3.003887661460473
60_46,2.6012266528888075
60_47,1.1531991335464427
60_48,1.1531991335464427
61_4,6.2490907421339195
61_5,9.217221841076643
61_6,48.42975517346963
61_7,73.5763218945878
61_8,37.80670519605086
61_9,20.254058534244955
61_10,11.552704250532921
61_11,7.705717758735405
61_12,7.140368027174416
61_13,7.140368027174416
61_14,13.168596684297107
61_15,9.924413522206219
61_16,9.924413522206219
61_17,9.841798352720234
61_18,10.868790483566675
61_19,6.084833862671907
61_20,11.204958189295299
61_21,17.476336259764814
61_22,8.041460804309441
61_23,2.8219602419450402
61_24,17.932052682328735
61_25,2.9657163753552034
61_26,22.408418522051303
61_27,118.28732955841528
61_28,256.5306290030054
61_29,273.69465373282895
61_30,254.38964960345868
61_31,141.0104297100571
61_32,398.17106374662825
61_33,271.04940723798416
61_34,158.23544847201634
61_35,400.13395232083974
61_36,356.77009501269214
61_37,35.78520620465261
61_39,10.812135032083802
61_40,10.765930619077691
61_41,4.764370943757061
61_42,3.0026927100726892
61_43,2.9990003526876228
61_44,2.332915044205615
61_45,1.9867322462289554
62_2,4.970615477486363
62_3,5.108483750253853
62_4,5.108483750253853
62_5,5.108483750253853
62_6,13.371780372287994
62_7,22.259237171214117
62_8,10.607299605367242
62_9,12.367139432273989
62_10,9.871834821853007
62_11,7.143424250918513
62_12,7.140368027174416
62_13,7.140368027174416
62_14,7.835051763307838
62_15,9.924413522206219
62_16,9.924413522206219
62_17,7.372799773055311
62_18,4.910036261497359
62_19,4.825119024059964
62_20,3.863011442147201
62_21,4.5565730286883035
62_22,2.266225345172245
62_23,2.266225345172245
62_24,2.266225345172245
62_25,9.073660532382638
62_26,36.982278858800726
62_27,111.22322257107595
62_28,335.76473783500785
62_29,338.8662778172091
62_30,315.3772776439388
62_31,168.24726570051996
62_32,166.05876961555967
62_33,173.0021845989084
62_34,205.6823556031092
62_35,382.2497483360939
62_36,177.00528503322067
62_37,30.55926197703662
62_38,27.514485292695618
62_39,10.801185321710847
62_41,4.874198214108244
63_2,2.4681559220085827
63_3,3.9676367261904057
63_4,5.590798941891118
63_5,8.166256137301911
63_6,9.188974842197345
63_7,9.721459183452012
63_8,19.338203555551406
63_9,35.66848288064056
63_10,31.543890374167283
63_11,24.07926912380234
63_12,7.673336934628093
63_13,6.310032335472648
63_14,7.4745125663617955
63_15,9.838911085214205
63_16,9.84926810138916
63_17,5.729545983569932
63_18,4.910036261497359
63_20,2.269690481836474
63_21,2.266225345172245
63_22,2.266225345172245
63_23,2.266225345172245
63_24,2.266225345172245
63_25,2.266225345172245
63_26,10.10124106687778
63_27,71.98996054909064
63_28,379.8842968125183
63_29,360.41591216806944
63_30,295.6416341128467
63_31,191.26125615418132
63_32,188.05684394997712
63_33,247.5834564469582
63_34,95.68781069094238
63_35,64.65440437388921
63_36,12.249437976004453
63_39,12.32029843990907
63_40,9.837904624815168
63_41,3.2683020229634216
64_6,9.620585419591773
64_7,13.05940396848307
64_8,40.09038455499618
64_9,41.91470325058086
64_10,45.420568875697
64_11,44.18354212527713
64_12,12.137316780411911
64_13,4.910036261497359
64_14,4.910036261497359
64_15,6.555705705347554
64_16,5.938572747381309
64_17,4.910036261497359
64_18,4.910036261497359
64_19,3.892948347694751
64_20,2.276954117388272
64_21,2.266225345172245
64_22,2.266225345172245
64_23,2.266225345172245
64_24,2.266225345172245
64_25,2.266225345172245
64_26,6.451224580918469
64_27,181.57666956483652
64_28,448.0299045139193
64_29,328.4655464690015
64_30,244.72405370908348
64_31,184.6818968726146
64_32,90.3558351368235
64_33,24.58076629873676
64_34,7.751413038676367
64_39,18.073595931444643
64_41,1.1531991335464427
65_6,9.600377636055665
65_7,11.007980841199286
65_9,40.04522549534564
65_10,33.492366407767854
65_11,15.948555477746442
65_14,4.910036261497359
65_15,4.910036261497359
65_16,4.910036261497359
65_17,4.910036261497359
65_19,3.141547017730435
65_20,2.266225345172245
65_21,2.266225345172245
65_22,2.266225345172245
65_23,2.266225345172245
65_24,2.266225345172245
65_25,2.266225345172245
65_26,6.575284863190687
65_27,57.54069858362601
65_28,276.3566073552703
65_29,399.9192021318155
65_30,216.57839388385352
65_31,32.38742384395615
65_32,7.428542261464818
66_5,2.1282051292844373
66_6,3.0916549250829486
66_7,2.3790615288715173
66_9,11.768679416786807
66_10,23.18208286622854
66_12,4.910036261497359
66_13,4.910036261497359
66_14,4.910036261497359
66_15,4.910036261497359
66_16,4.910036261497359
66_17,4.215496341395759
66_18,4.541074421314977
66_19,4.6746736137386735
66_20,2.548855226300938
66_21,2.266225345172245
66_22,2.266225345172245
66_23,2.266225345172245
66_24,2.266225345172245
66_25,2.266225345172245
66_26,2.690568737427485
66_27,11.859234912509159
66_28,23.57640899197653
66_29,188.70713325793804
66_30,23.446866884594847
67_5,2.07656609913257
67_6,2.07656609913257
67_7,2.07656609913257
67_8,2.134433960875344
67_12,4.900916109541789
67_13,4.904287100113266
67_14,3.7908320949093985
67_15,4.12395114570841
67_17,4.008064988014904
67_18,4.050824597409996
67_19,4.906900878697632
67_20,4.151867018083943
67_21,2.9660312303823844
67_22,2.326659309686559
67_23,2.266225345172245
67_24,2.266225345172245
67_25,2.266225345172245
67_26,4.9854701374450725
67_27,12.683113649248444
67_28,11.3285438593803
67_29,7.224187803598177
68_2,2.0633170461317762
68_3,2.07656609913257
68_4,2.07656609913257
68_8,2.2960908405925444
68_12,4.407758094311077
68_15,3.4476778465103397
68_16,3.5272154611469335
68_17,3.563864977145187
68_18,4.021946221805374
68_19,3.8810583840090964
68_20,3.4476778465103397
68_21,3.4476778465103397
68_22,2.487117170022879
68_23,2.266225345172245
68_24,2.2661650965010436
69_1,1.4580153358534187
69_2,2.031733047725694
69_3,2.07656609913257
69_7,2.07656609913257
69_8,2.6130708614024574
69_9,3.4476778465103397
69_10,3.431834078448657
69_11,3.4457658884361773
69_12,3.455760687528441
69_15,3.4476778465103397
69_16,3.4476778465103397
69_17,3.4476778465103397
69_18,3.4476778465103397
69_19,3.4476778465103397
69_20,3.4476778465103397
69_21,3.4476778465103397
69_22,2.5692912398809256
69_23,2.0979125263069114
69_24,1.44128971014523
70_2,2.044525945809918
70_8,2.0766748803414785
70_9,2.299568384794397
70_12,3.4476778465103397
70_14,3.4476778465103397
70_16,3.4570374643115285
70_19,3.4476778465103397
70_20,3.4476778465103397
70_21,3.440513407912126
70_22,2.1760095936957264
70_23,1.276762880754566
71_4,2.067418068700343
71_7,2.07656609913257
71_10,2.077281306730889
71_11,2.2679799418221833
71_12,2.65722549976599
71_13,3.1656960904067737
71_14,3.4873676300532996
71_15,3.507188994808791
71_16,3.5113552688167387
71_19,3.4476778465103397
71_20,3.1782434130058714
71_21,1.4383239950676816
71_22,1.2186348507470408
72_7,2.0790228783551625
72_8,7.023645797351453
72_9,3.0355078096176875
72_10,2.07656609913257
72_11,2.3244628294736738
72_12,3.376895022387834
72_13,2.8357230968506304
72_14,3.511391049863015
72_15,3.511391049863015
72_17,3.5107186427128756
72_19,13.47945255917911
72_20,5.030371716923901
73_4,1.8787829234730082
73_6,2.07656609913257
73_9,10.665370653699632
73_10,2.5028024663913877
73_11,3.228509932242712
73_13,3.511391049863015
73_14,3.511391049863015
73_18,12.779248765270333
73_19,19.28666052322204
73_20,8.483778976184192
74_4,1.88422614781365
74_6,2.07656609913257
74_8,15.020646798008322
74_9,16.98761466813198
74_10,5.235180019030401
74_11,3.511391049863015
74_12,7.022519013466123
74_13,4.007077067618024
74_14,3.511391049863015
74_17,3.511391049863015
74_18,10.175287809497892
74_19,19.29146540093213
74_20,19.29146540093213
74_21,11.570662328347757
74_22,1.2186348507470408
75_2,1.3310329936588645
75_3,1.8710064697339799
75_4,2.07656609913257
75_5,2.07656609913257
75_6,2.081289827891801
75_7,5.986738402510872
75_8,16.74108357475189
75_9,21.476703700171452
75_10,11.993313837522063
75_11,12.907963632418959
75_12,17.3642719591726
75_13,3.514610246778518
75_17,3.511391049863015
75_18,13.247771193343546
75_19,19.29146540093213
75_20,19.29146540093213
75_21,5.530523486767053
76_3,1.9739528186039546
76_7,12.068007162359173
76_8,12.30438592867658
76_9,14.350383197398122
76_10,18.250512019776888
76_11,8.239916151490489
76_12,4.307164122076477
76_13,3.511391049863015
76_14,2.904790929616095
76_15,3.444407099532037
76_16,3.4977767553350967
76_17,4.76053063327031
76_18,19.011092862342366
76_19,19.282803567166745
76_20,16.058058263816683
76_21,10.082678481828928
76_22,1.2186348507470408
77_4,2.0457134239899952
77_5,2.07656609913257
77_7,2.988022195785149
77_8,2.9875832468536347
77_9,14.818589930130994
77_10,19.425884790642485
77_11,4.387851511085855
77_12,3.511391049863015
77_13,3.3823377893609203
77_14,2.3750751232166873
77_16,2.7827393971467025
77_17,2.259009234640021
77_18,11.348471783940536
77_19,17.898070293407812
77_20,8.210501973838413
77_21,2.4882328488217915
77_22,1.7758514829214724
78_5,2.456934800674307
78_6,2.967727453902624
78_7,2.9875832468536347
78_8,2.9875832468536347
78_9,2.9880985658697745
78_10,5.328948160970928
78_11,3.1315700436218363
78_14,2.238143903047439
78_16,2.474107704025905
78_17,2.238143903047439
78_19,2.298661528921357
78_20,2.238143903047439
78_21,2.238143903047439
78_22,2.238143903047439
79_5,2.2927567352615585
79_7,2.9875832468536347
79_8,2.9875832468536347
79_9,2.9875832468536347
79_11,2.9875832468536347
79_12,2.9880145512261627
79_13,2.6834070835017325
79_16,2.238143903047439
79_17,2.238143903047439
79_20,2.238143903047439
79_21,2.238143903047439
79_22,2.238143903047439
79_23,2.238143903047439
79_24,2.1941713539919667
79_25,2.1975942778661994
80_6,2.5233987496405668
80_7,2.9875832468536347
80_8,2.9875832468536347
80_9,2.9875832468536347
80_10,2.9875832468536347
80_11,2.9875832468536347
80_12,2.9875832468536347
80_13,2.789680956594456
80_14,2.238143903047439
80_15,2.238143903047439
80_16,2.238143903047439
80_19,2.2282369799382042
80_20,2.238143903047439
80_21,2.238143903047439
80_23,2.238143903047439
80_24,2.238143903047439
81_10,2.9875832468536347
81_11,2.9875832468536347
81_12,2.9875832468536347
81_13,2.7470993585648076
81_14,2.2748259276332896
81_15,2.574868602751328
81_16,1.905166272093461
81_18,1.099802769605508
81_19,1.5646132968039157
81_20,1.5456647913120387
81_22,2.238143903047439
81_23,2.238143903047439
82_9,9.002736923193398
82_10,20.693263621497245
82_11,27.16322645812958
82_12,9.429843672679134
82_13,0.3054227348818829
82_14,8.95330599220282
82_15,45.32066938247321
82_16,50.25286659402412
82_17,2.058087769294324
82_18,1.094977468074785
82_19,1.094977468074785
82_22,2.238143903047439
82_23,2.238143903047439
82_24,1.7273981379990024
83_9,13.532266835941819
83_10,33.33843740011654
83_11,34.98223382231657
83_12,63.77609516829453
83_13,109.71206286320526
83_14,111.76007042629443
83_15,65.2440825579194
83_16,39.575945551503004
83_17,1.094977468074785
83_18,1.094977468074785
83_19,1.094977468074785
83_20,1.1271293555952406
83_21,1.4846263436813558
83_22,1.652734742199502
83_23,1.3920698270968481
84_8,2.2356398051455355
84_9,18.590371860550587
84_10,6.425771878970091
84_11,51.97120388814875
84_12,177.56116218941082
84_13,200.36797647193603
84_14,317.5807855949609
84_15,59.75847355424587
84_16,10.153228289390594
84_18,1.094977468074785
84_19,1.094977468074785
84_20,1.094977468074785
84_21,1.094977468074785
84_22,1.094977468074785
84_23,1.094977468074785
84_24,1.094977468074785
84_25,1.1608812501994636
85_8,6.809467595366176
85_9,17.987529907278198
85_10,0.0
85_11,29.115712880650698
85_12,250.1522286801848
85_13,271.18644262459236
85_14,186.11382202191822
85_15,70.86042061203543
85_16,23.70375304126465
85_17,5.760878264078727
85_18,1.094977468074785
85_19,1.094977468074785
85_20,1.094977468074785
85_23,1.094977468074785
85_24,1.094977468074785
86_8,12.10786649121749
86_9,20.659445244763468
86_10,12.70446748663424
86_11,53.271835624931455
86_12,177.22520675836768
86_13,149.03921792470155
86_14,104.24800222779727
86_15,73.38876711906072
86_16,41.37633963060272
86_17,99.16535891340074
86_18,55.12107390664858
86_19,6.035396148982257
86_20,1.094977468074785
86_21,1.094977468074785
86_22,1.094977468074785
86_23,1.094977468074785
87_6,1.156384181205492
87_7,2.002956056989377
87_8,6.098673683509262
87_9,68.777713310554
87_10,226.49456706895262
87_11,237.91632686703133
87_12,179.29678015698278
87_13,105.49524616284505
87_14,88.1101045435841
87_15,77.40837652213892
87_16,19.33827069812694
87_17,107.0669561277945
87_18,26.843344833353232
87_19,30.427896986427623
87_20,6.102622378678011
87_21,1.094977468074785
87_22,1.094977468074785
87_23,1.094977468074785
87_24,1.1545597336147622
88_4,1.8180403073968283
88_5,2.3210465916288365
88_6,2.4740756800489088
88_7,8.745751328317983
88_8,27.34354800557167
88_9,55.00889019500272
88_10,190.16338180201376
88_11,160.8480895523702
88_12,89.79330047124269
88_13,68.40486621653525
88_14,276.44626684753155
88_15,74.73629696886138
88_16,51.357092323250924
88_17,24.790537908475333
88_18,8.845735888448822
88_19,21.458924724810647
88_20,23.049728159958864
88_21,1.094977468074785
88_22,1.094977468074785
88_23,1.094977468074785
88_24,1.4300319295345307
89_4,2.5504311808007243
89_5,3.7605615014901455
89_6,3.7605615014901455
89_7,47.576459451764876
89_8,71.31844735646266
89_9,93.22194404957057
89_10,48.76103919626915
89_11,30.47491754182486
89_12,41.24685982434971
89_13,79.24726649510353
89_14,156.4728038206207
89_15,99.76195155171504
89_16,69.95942028305313
89_17,39.70695712636822
89_18,18.84005179445977
89_19,8.984072791106268
89_20,11.807665093285141
89_21,3.2039956896383
89_22,6.753807644979667
89_23,6.053227524326014
89_24,10.184165560655838
90_5,1.8168348388589515
90_6,3.412848805352656
90_7,9.664933207183013
90_8,24.464162465066494
90_9,29.56615317046778
90_10,12.57182457805375
90_11,20.084726586942832
90_12,144.6269920104127
90_13,165.11904947736807
90_14,100.51460385250246
90_15,87.56706913542753
90_16,153.2358650533815
90_17,99.42933707946887
90_18,46.10916391475007
90_19,10.023051773876276
90_20,8.845735888448822
90_21,24.219556786007484
90_22,10.527340380059654
90_23,10.583677423223437
90_24,10.583677423223437
90_25,10.501822892871907
90_26,10.097571047766426
91_7,47.94748328404694
91_8,43.91206586795768
91_9,27.194635007975126
91_10,27.955151797167286
91_11,208.87175314521983
91_12,280.03651941185143
91_13,424.8989238806023
91_14,122.86431457341882
91_15,109.13639120246827
91_16,163.01078116408362
91_17,144.8035947387697
91_18,100.52832995461641
91_19,108.67679623333888
91_20,92.9322113580632
91_21,124.98478358962143
91_22,15.231029797918271
91_23,10.583677423223437
91_24,10.58731519908092
91_25,44.0062463439111
91_26,85.8843655146876
92_6,1.1112873366987401
92_7,44.983234151701865
92_8,67.6028615257353
92_9,43.779551838716415
92_10,54.82534277993552
92_11,150.90767530653625
92_12,403.0028885851416
92_13,588.6808426832204
92_14,427.8221733408492
92_15,189.672768175952
92_16,217.44261548408403
92_17,195.9238995024059
92_18,219.7830729818073
92_19,221.23295868011374
92_20,125.17840024633459
92_21,102.80227215350605
92_22,38.437425021248245
92_23,29.170915823110434
92_24,13.199801456526494
92_25,33.42516110229931
93_5,1.9079819024290934
93_6,23.53882433080352
93_7,72.41289366072326
93_8,33.97900122555218
93_9,28.22005884986095
93_10,26.40022641614608
93_11,47.255325000829956
93_12,339.835398459187
93_13,495.5993496200714
93_14,599.8003930036838
93_15,478.33719785580263
93_16,331.00915860170835
93_17,381.8825560102714
93_18,325.56749793767904
93_19,343.5047974040316
93_20,129.8689844117927
93_21,161.17465649355344
93_22,130.33933816095202
93_23,159.5577386395671
93_24,16.566242022421797
94_5,11.381278526385994
94_6,35.13590162863988
94_7,43.11890073652756
94_8,35.97051328012204
94_9,33.839220979429896
94_10,101.36369210141166
94_11,92.33097291960931
94_12,155.36791965980282
94_13,4.587566344246641
94_14,98.2843465072069
94_15,580.1753121238141
94_16,133.49056683037352
94_17,171.9027221414257
94_18,162.50040783446832
94_19,176.33560398716668
94_20,136.66437999242163
94_21,259.6517382987384
94_22,186.77775381162138
94_23,185.0039226791238
94_24,8.624493311781347
95_6,3.9987448780851977
95_7,89.17900314820106
95_8,111.78202100559355
95_9,205.57129467357723
95_10,228.1889194792396
95_11,223.80012203944983
95_12,156.21319018695846
95_13,30.440107453628265
95_14,302.14670691969314
95_15,409.97465474632406
95_16,239.5875382428069
95_17,233.15960426166308
95_18,248.94532884701772
95_19,228.6063391747566
95_20,146.73271752171945
95_21,192.10812992507448
95_22,269.48970122106175
95_23,131.064362590011
96_6,1.1112873366987401
96_7,72.94679937212655
96_8,99.2256864817195
96_9,165.04044119811908
96_10,140.22916366055344
96_11,187.31820997701706
96_12,321.7636616700767
96_13,149.32442074918885
96_14,512.6365724581473
96_15,610.4833477271508
96_16,281.2019508401312
96_17,137.12612161978942
96_18,401.0044284020906
96_19,277.19157550739544
96_20,250.25976758278657
96_21,190.05205126946274
96_22,207.59763570960598
96_23,73.46156180298888
96_24,9.647169974263663
97_6,1.1112873366987401
97_7,50.12771784017602
97_8,64.1210022879147
97_9,67.95725328617777
97_10,59.951973104667424
97_11,173.57166933192235
97_12,252.85909522626778
97_13,262.8680046225466
97_14,551.5172782113798
97_15,854.6662210155718
97_16,303.20321295465106
97_17,185.43127517123327
97_18,468.6501293336345
97_19,263.3857550835445
97_20,226.10887535311463
97_21,196.9803227834248
97_22,194.33045321127864
97_23,174.5514526987908
97_24,97.43302064721829
97_25,63.75183007625449
98_6,5.948507571937076
98_7,48.77668395911073
98_8,42.29691863676869
98_9,44.269808080427566
98_10,36.940162853486385
98_11,50.814202834931216
98_12,36.60312290483921
98_13,201.50048954438634
98_14,513.547614002656
98_15,608.2224571366469
98_16,361.80654867906196
98_17,278.6219389248846
98_18,188.64556205979036
98_19,244.75248995445378
98_20,179.2371581060011
98_21,133.29470226412292
98_22,179.48585541814612
98_23,168.08800082857098
98_24,107.67514043555877
98_25,64.88354663219076
99_6,23.22403153485949
99_7,65.48759840563899
99_8,83.5787772070305
99_9,134.16036562957336
99_10,49.80640369260244
99_11,311.0484357673594
99_12,189.77682677606632
99_13,193.9066177181712
99_14,277.27142788078874
99_15,249.46801905488473
99_16,249.85471332826535
99_17,330.8623463022294
99_18,181.0102699852238
99_19,316.0105283282819
99_20,365.39263354452123
99_21,228.28870581246608
99_22,215.4475620988299
99_23,129.80317758887315
99_24,83.16579600429424
99_25,49.82524985853976
100_6,3.0996583458251434
100_7,84.77004837296798
100_8,260.26754239638615
100_9,415.14607990278927
100_10,170.72106212173318
100_11,78.99912443975622
100_12,96.60664598876122
100_13,154.28502890452313
100_14,155.3711354851545
100_15,153.74651378179675
100_16,163.77986167390105
100_17,86.69003933138049
100_18,103.50348646720134
100_19,206.0490766183384
100_20,442.65579117005706
100_21,273.9378644320955
100_22,151.5470789011268
100_23,59.516691349117764
100_24,87.47220470472116
100_25,45.58585624286065
101_6,20.81278121438769
101_7,89.13771421010794
101_8,252.05267609197367
101_9,335.8279563986072
101_10,219.5435461642534
101_11,125.00029847973371
101_12,13.30249818664565
101_13,83.9542133788124
101_14,130.6327986714778
101_15,139.94435738499834
101_16,161.74712274196156
101_17,96.01803813339173
101_18,253.22155682437415
101_19,307.774500181794
101_20,380.92779404354934
101_21,208.04928041422107
101_22,43.42765046281922
101_23,42.61999216452557
101_24,38.57858121072987
101_25,6.503085146148463
102_7,3.2019622351881716
102_8,172.47876931907544
102_9,278.6924037914854
102_10,216.27342872763464
102_11,98.9632965553503
102_12,63.03115814158809
102_13,111.47808203740809
102_14,271.4101541903142
102_15,148.48046269334807
102_16,134.82965440608822
102_17,123.34034471886676
102_18,298.86960529243265
102_19,312.01102483980605
102_20,193.78654671693147
102_21,68.2684375900336
102_22,43.42765046281922
102_23,20.538082885728638
103_8,26.259279759088038
103_9,94.13734243093562
103_10,80.81795462707564
103_11,111.50370154277113
103_12,90.39775364158335
103_13,198.58762972931936
103_14,94.6553128703917
103_15,79.81120747541063
103_16,136.38274186270945
103_17,105.18306089847616
103_18,191.31428536502608
103_19,212.07612991123412
103_20,139.37969861881191
103_21,39.74209836232774
103_22,27.184984737550494
103_23,1.656127604695036
104_9,19.233679619332143
104_10,59.65856318260041
104_11,48.69371622331187
104_12,38.559586894318926
104_13,109.11826128474188
104_14,33.24430928250942
104_15,60.38991987020258
104_16,125.38052261918207
104_17,87.12550702803708
104_18,235.23369762361372
104_19,63.92982450074981
104_20,20.936827022375994
104_22,0.7207339433849566
105_10,22.64800156058598
105_11,14.812933297961774
105_12,15.316704410418211
105_13,4.960808303068074
105_14,0.7301805080035029
105_16,35.422922467212416
105_17,51.140026623834196
105_18,63.80885189326799
105_19,26.06108079436948
105_20,13.628786549324541
106_18,15.116995537286245
106_19,25.32253309922453
