grid_id,road_length
0_52,1328.0923886718383
0_53,768.9839714620771
1_52,1812.0025674337753
1_53,2994.3558867097254
1_57,1505.345298525445
2_33,906.199479379114
2_35,1852.6736336206384
2_51,3622.901065467685
2_52,2397.160998570263
2_53,3037.6838366897405
2_55,2221.98966016474
2_56,2436.6356485486663
2_57,3172.49231314563
3_30,1431.392131857547
3_31,438.80424441972593
3_32,1240.8399387696309
3_33,1066.8536152957363
3_34,4337.490986901582
3_35,3445.6894732482187
3_36,1562.865061170125
3_48,246.28714169175504
3_49,625.3323562106268
3_50,1660.9234757838785
3_51,3094.945761391762
3_52,236.61490547466886
3_53,2677.34177172984
3_54,3917.5685690854484
3_55,2177.102513182672
3_56,2694.7296593249744
3_57,3083.8363563860603
4_20,672.1230854331147
4_21,1304.9315417352489
4_22,1853.2761822827133
4_23,2292.986745343627
4_24,840.1483329614932
4_25,2029.7199172277376
4_28,1283.9801809519788
4_29,3709.4761528369686
4_30,4641.409827766897
4_31,3023.264474242571
4_32,3345.353453576626
4_33,3552.3479479195476
4_34,3780.016344431725
4_35,4100.706440662999
4_36,3256.926959117734
4_47,1915.6756798240417
4_48,2281.5362970108736
4_49,3681.7870480592665
4_50,3355.6544960145243
4_51,3998.626792408051
4_52,3729.372280030954
4_53,2814.005989246075
4_54,3370.360496016528
4_55,3335.485350108712
4_56,3327.70097441939
4_57,2284.25254467485
5_20,1396.2622537316497
5_21,3335.230074027324
5_22,3953.4457288965414
5_23,5010.710039777413
5_24,3196.8501613905014
5_25,3665.6404608703733
5_26,3154.294106322759
5_27,2701.792265452662
5_28,3354.1541390465095
5_29,3244.831511680388
5_30,3104.8162075535333
5_31,3506.119363328948
5_32,3324.028391290212
5_33,3902.982968045999
5_34,3315.4304708381355
5_35,4053.8948489256477
5_37,295.9650645946148
5_46,2116.3944109701865
5_47,3344.2575158096533
5_48,3159.5899230087825
5_49,4081.959179007219
5_50,2853.7121370927803
5_51,2954.020675697593
5_52,3539.514602842868
5_53,2656.350326599797
5_54,653.3266159038282
5_55,2786.7874088921876
5_56,3640.1183072438594
5_57,2157.8980498265
5_58,657.2371160028681
5_59,2607.1630183330667
5_60,39.68178169218467
6_20,253.1948089499445
6_21,2919.7328744177225
6_22,3772.4701154821746
6_23,3473.924313562949
6_24,3543.73549647014
6_25,3121.1357935512865
6_26,3753.00909933652
6_27,3244.1026720024884
6_28,3765.758222947108
6_29,3300.1026363429814
6_30,4224.931415671275
6_31,4466.984907891863
6_32,3124.132948142421
6_33,3372.339612658283
6_34,2148.6860724940743
6_35,3417.6844543869024
6_36,1945.802751796603
6_37,227.63433121679554
6_46,1735.978230797172
6_47,2438.103251064576
6_48,2911.152063591228
6_49,1782.3471730068597
6_50,3262.436640291938
6_51,3280.515669193315
6_52,3294.5472207346393
6_53,3412.4590816440614
6_54,1239.6478390617049
6_55,2963.688760906644
6_56,2997.0522798375314
6_57,3104.5905202608246
6_58,3538.471837947847
6_59,3539.508297939793
6_60,3022.342538057954
6_61,2352.5438403386943
7_21,2190.60048448077
7_22,2020.2122943761392
7_23,3444.7820980297256
7_24,4747.415442975085
7_25,3357.990740602722
7_26,3662.677941494778
7_27,4109.654228283461
7_28,3781.9571698692494
7_29,3101.423304548203
7_30,3067.441453951588
7_31,4824.6692328224735
7_32,2547.2483934182615
7_33,1078.1837063637245
7_34,2004.8983097595667
7_35,1986.9463623557385
7_36,1280.770526631411
7_37,227.31086174975496
7_39,842.1041248707264
7_46,2135.999690560796
7_47,3227.913181827518
7_48,2473.609496838987
7_49,2706.2262456460157
7_50,3709.128498169203
7_51,3921.333542817884
7_52,2901.463349073965
7_53,2251.9585627083807
7_54,3448.5448860968486
7_55,4212.204896671287
7_56,2878.1671485477286
7_57,2191.967941974979
7_58,2764.8298788685092
7_59,2717.4850427465926
7_60,2017.6318778074224
7_61,3371.5172742894188
7_62,1769.5144196708486
8_21,2142.5726485446326
8_22,3966.204192359687
8_23,3275.2547128785386
8_24,5151.0457912976135
8_25,3848.075959339965
8_26,3290.674659917525
8_27,3046.79188387118
8_28,3785.2751487648966
8_29,3373.5969157843624
8_30,1610.1266273390133
8_31,2753.0698870666197
8_32,4087.396483219867
8_33,2791.1162324230468
8_34,2794.2551896321324
8_35,2949.9391809319222
8_36,3909.5112843160173
8_37,1526.0128415510317
8_39,2808.0379463633863
8_40,2966.1473071060714
8_46,1514.5118518579566
8_47,3013.1227760402967
8_48,3410.392605453069
8_49,3685.2524124353217
8_50,3306.6815572922337
8_51,3992.444633104211
8_52,3530.6558497256538
8_53,4714.304256501539
8_54,3678.0336341656443
8_55,4570.0350669467525
8_56,3428.5155673246027
8_57,64.06970032749477
8_59,2584.8989116202392
8_60,2580.0422327904585
8_61,3204.9696484230126
8_62,3898.7274550630445
9_17,2148.094690086695
9_19,2575.9519638640177
9_20,3117.426830298931
9_21,3469.0237864247465
9_22,3589.95578539557
9_23,2817.4585841950993
9_24,3930.280474309174
9_25,4136.405553256567
9_26,3492.2409579247883
9_27,2813.7352766549966
9_28,2673.4110945013745
9_29,3302.3630674647766
9_30,3143.9695447918207
9_31,1141.7784650818207
9_32,3004.9879324564727
9_33,3207.3061649188944
9_34,3753.9393102322992
9_35,1686.0266144929665
9_36,2208.7858311903
9_37,3222.214023258034
9_38,4007.294243556905
9_40,1216.2667358274434
9_41,896.7781099775176
9_43,2287.323164610674
9_44,2189.535440945047
9_45,969.6281523210829
9_48,3016.7262602084206
9_49,3902.5258295106746
9_50,2365.4703870996605
9_51,4243.581805591005
9_52,4616.794792629363
9_53,4023.9058998333408
9_54,2560.674694047423
9_55,4848.389510193193
9_56,4041.3813361157477
9_57,1394.442654397456
9_59,2006.8759699907728
9_60,2732.3494471456884
9_61,1543.1963147777124
9_62,2025.3328989355525
10_18,1550.5148827769592
10_19,2349.3216750441725
10_20,3808.649330395418
10_21,2972.4019314516677
10_22,3751.4244747449643
10_23,3501.4901293315797
10_24,3257.247086119838
10_25,3080.328891560848
10_26,3812.9822474741713
10_27,2998.2406066485955
10_28,2651.3745617098693
10_29,2403.044432631362
10_30,3047.8829096571403
10_31,4219.7964229116
10_32,2033.9434785036385
10_33,3266.781125270843
10_34,2268.09235937675
10_35,198.32278516328228
10_36,3277.1877339834623
10_37,3847.0310667109425
10_38,4274.198558628956
10_39,4055.9446761558866
10_40,369.8709743789892
10_41,1196.1373723856645
10_42,3665.4592918038297
10_43,3738.8844898743073
10_44,1484.7323612600724
10_45,3006.7877383173386
10_46,891.9400351763502
10_47,228.52566453478153
10_48,3224.2800662076097
10_49,3612.6576941451704
10_50,3834.7617175971222
10_51,4270.270728436651
10_52,6282.0391887982805
10_53,4157.786900907477
10_54,3102.7216233118006
10_55,4422.428309588144
10_56,3190.1528591938877
10_57,4014.250218941994
10_58,3667.9128320759814
10_59,3978.4688436721854
10_60,2963.205764545959
10_61,3475.701582674356
10_62,3719.740326100061
10_63,908.0234098974895
10_64,1851.3243810403324
11_20,2167.4287688039694
11_21,2865.3182718754683
11_22,3752.939723407611
11_23,3121.5959979670033
11_24,3179.588390582479
11_25,1598.198909798254
11_26,3789.293868885585
11_27,3171.3628096555453
11_28,3629.4818814833234
11_29,4441.841856256726
11_30,4103.153129876766
11_31,3380.559991629663
11_32,2129.6314931928723
11_33,1700.3901848673004
11_34,4248.423085050653
11_35,648.8915763579953
11_36,984.6712561123873
11_37,3725.494650172173
11_38,3299.6331069593616
11_39,3372.4479698484
11_40,3254.2147632806827
11_41,2522.140168215468
11_42,2372.600279656748
11_43,4444.004610479527
11_44,3439.651326212075
11_45,1908.8244354316241
11_46,2019.1325752575242
11_47,1291.1323676550667
11_48,3373.8886404924815
11_49,2990.1567808147465
11_50,4176.571635258606
11_51,5014.963368842646
11_52,4475.4699025373975
11_53,5607.288527381357
11_54,3673.996131744102
11_55,2405.9627654345863
11_56,762.2514020376826
11_57,2429.369939358365
11_58,3296.1453190587777
11_59,3438.636752749556
11_60,3292.564411101635
11_61,2394.008590401932
11_62,3615.588788366898
11_63,3893.3848162981417
11_64,4404.280907860604
12_19,0.0
12_20,1199.9003442396922
12_21,3650.2285791071254
12_22,2069.814113320934
12_23,1913.6227931244491
12_24,4406.185782930159
12_25,2993.7292215205157
12_26,1745.331100406602
12_27,3067.0796577804517
12_28,3756.6513269192915
12_29,2071.8064390753743
12_30,2344.94583034797
12_31,2315.9716419334727
12_32,3596.523944629877
12_33,745.7749928374346
12_34,2847.9468118038435
12_35,2897.4104181313505
12_36,3593.7263555248746
12_37,3119.577116651297
12_38,4070.2936178066066
12_39,3152.0321434095695
12_40,4270.319422539433
12_41,3874.4243920559816
12_42,3596.0862362020134
12_43,3082.9701128301294
12_44,3381.3328652684445
12_45,2692.5922482851083
12_46,2938.3791373468307
12_47,3594.5529601579487
12_48,3357.127342267414
12_49,4073.6560571358013
12_50,3510.81541225206
12_51,3676.4109473603517
12_52,3572.161062966426
12_53,2413.436453136021
12_54,3494.4494263411575
12_55,4140.710365467173
12_56,2557.0628229470103
12_57,4050.4872608685196
12_58,4352.874575561625
12_59,4452.4862662587975
12_60,3282.21907828547
12_61,3548.280734753399
12_62,3692.595793250527
12_63,3450.4993075528355
12_64,2134.985305555945
12_65,1259.956402652387
13_20,465.1145159218557
13_21,1645.9162457088262
13_22,3768.647339687541
13_23,3896.653116404833
13_24,4851.795317763605
13_25,2238.241628534867
13_26,2918.392811506906
13_27,3145.96090041414
13_28,3964.2655488339888
13_29,3962.29314576922
13_30,3500.5180105633403
13_31,2447.551143530238
13_32,1942.1146528484853
13_33,3372.2649753044725
13_34,4434.493753488923
13_35,2892.6490563174175
13_36,3171.373126627212
13_37,2828.734469781643
13_38,2264.061557758536
13_39,3385.8261348637084
13_40,4190.807970214255
13_41,1711.0436063357063
13_42,1344.0062056465913
13_43,600.6666642237175
13_44,3988.2101854173457
13_45,4356.717446046433
13_46,3435.1046369831893
13_47,4434.151128750914
13_48,3006.8580277665947
13_49,4113.041037524801
13_50,1979.895915869474
13_51,2909.542489797918
13_52,2238.2992461692515
13_53,2262.915407832741
13_54,3328.337543004336
13_55,3646.0084388518553
13_56,3920.557856471828
13_57,4090.533456349069
13_58,3626.5678344272146
13_59,3117.032258764874
13_60,1218.8180847881
13_61,1239.7772245534588
13_62,2496.0411708660617
13_63,2150.8016120140724
14_21,888.550355041258
14_22,1034.9883300275596
14_23,1404.40254014761
14_24,1800.5533729006295
14_25,2230.002381935164
14_26,2630.8509403208277
14_27,4148.757503624297
14_28,3808.9832167872955
14_29,2890.700432378733
14_30,1043.3018482683492
14_31,2074.271404036213
14_32,2017.2447167535813
14_33,2214.9166710441023
14_34,3832.5464017793943
14_35,4091.9654447109765
14_36,1618.872994097555
14_37,4620.5050087907775
14_38,3770.15073051561
14_39,4080.498676036422
14_40,5065.455435360732
14_41,3332.761194605294
14_42,2560.0020736460324
14_43,3135.3653375806202
14_44,4206.839042439411
14_45,3159.616545568727
14_46,3636.753516320652
14_47,2639.4219490160394
14_48,1789.0126397476415
14_49,3982.623531752841
14_50,4197.495930882626
14_51,1438.3816120745546
14_52,3247.860718456045
14_53,3462.9267741783283
14_54,2201.347267137671
14_55,3561.453176020236
14_56,4796.652823988027
14_57,3758.196272361326
14_58,3101.9252860658407
14_59,3883.76920536115
14_60,3453.3973517061386
14_61,2538.462108220807
14_62,329.0030325766962
14_63,312.0021016273955
15_23,1282.9419789648853
15_24,2136.5508768997433
15_25,2871.0559363898656
15_26,4051.824399455751
15_27,2298.0288664547047
15_28,1976.3758314066843
15_29,3850.267650132976
15_30,1402.9977238131519
15_31,1880.5345185307358
15_32,1195.5948043908147
15_33,1309.379797993661
15_34,4031.6940134507613
15_35,4622.841573836748
15_36,4511.383928647955
15_37,3932.637031911532
15_38,3365.0447432413725
15_39,546.3574922646499
15_40,1758.179414612431
15_41,3350.9687652406524
15_42,4023.511813152082
15_43,4151.954201846082
15_44,3126.9797880590554
15_45,2746.128045651079
15_46,2352.6314301688535
15_47,896.7750375673781
15_48,3495.0874245337914
15_49,3747.6024563120964
15_50,3222.36865624594
15_51,2431.8797344849613
15_52,5045.020448145927
15_53,3887.501963354969
15_54,2442.419128291092
15_55,4647.950088211078
15_56,3652.73393657015
15_57,2561.788541824544
15_58,2804.880926431034
15_59,3903.6119363519215
15_60,3221.6086645582336
15_61,2005.782945944583
15_62,878.9257559771829
16_20,2095.8088548597193
16_21,721.4608017073056
16_23,2970.505468957343
16_24,3972.1266682708692
16_25,4043.524655662113
16_26,3356.029916551781
16_27,3635.9802075699326
16_28,3640.2905180465
16_29,3460.3438035874547
16_30,3343.4345225366924
16_31,4322.433302543333
16_32,4374.145891049408
16_33,2535.4217325375107
16_34,2593.4531060923928
16_35,3714.5650478248963
16_36,4896.81088103023
16_37,2768.451351719149
16_38,3060.460848834669
16_39,4455.394970348381
16_40,2027.0567751358637
16_41,3104.457485607181
16_42,2727.8870206213687
16_43,4090.9677253164396
16_44,2411.8494191053423
16_45,2753.882351175504
16_46,2632.645962589945
16_47,2696.168226342141
16_48,3560.5606325045715
16_49,3484.869985042946
16_50,4024.258004854638
16_51,2903.1888029553256
16_52,4372.550944969733
16_53,1399.4585947913647
16_54,2621.659579692324
16_55,2940.6796124747443
16_56,3754.5983038023537
16_57,2777.409756667484
16_58,3523.8919802242713
16_59,3366.383933118725
16_60,1415.009602156423
16_61,248.73389731423947
17_19,660.4430914286459
17_20,3779.9162550527976
17_21,3253.7304943046256
17_22,1858.0498067155079
17_23,1349.9143354058433
17_24,4248.301404178691
17_25,3808.0307711097676
17_26,2602.3875058221734
17_27,3047.1116484487297
17_28,3763.7870569825423
17_29,3009.327037196901
17_30,4089.135913381479
17_31,3389.3332954266652
17_32,2449.575973724423
17_33,3830.177437795309
17_34,3666.49832914275
17_35,3605.347878953826
17_36,5116.859941438727
17_37,1229.3401742321564
17_38,561.5846863801211
17_39,2600.8895644336335
17_40,4399.184249126589
17_41,1949.268636049495
17_42,1106.6240384586044
17_43,4161.852434359168
17_44,3560.9511977069988
17_45,4266.969956702005
17_46,3077.51905199633
17_47,3474.953382383436
17_48,4326.867585865512
17_49,4234.4316686688835
17_50,5147.811842493932
17_51,3738.872025290559
17_52,4217.588656406291
17_53,1173.620860741894
17_54,2096.6020672050886
17_55,2400.2629007873143
17_56,4012.9844746166395
17_57,3541.2397943639435
17_58,3940.277283372579
17_59,1057.836919254782
17_60,403.30737366594286
18_19,822.7047206035284
18_20,2879.240716692937
18_21,3975.7887941292543
18_22,3032.0746531683276
18_23,3237.8649335408354
18_24,3271.304003671807
18_25,2983.1494192120063
18_26,3263.5286502661893
18_27,3383.3734837113902
18_28,4226.0000336928
18_29,3908.51778728867
18_30,3161.578501554723
18_31,4187.794111706346
18_32,1097.1148378702846
18_33,2470.8816050393016
18_34,3821.325182131515
18_35,4568.492599281725
18_36,3869.952927877921
18_37,3610.540915943654
18_38,2231.076157991526
18_39,3442.728578549534
18_40,4791.797173691851
18_41,2194.3957128659454
18_42,3076.3688464042843
18_43,2378.3187650377363
18_44,3200.7341973565376
18_45,3301.002533876212
18_46,4461.902175283087
18_47,2339.29419208025
18_48,4060.2456773009653
18_49,3298.76356592448
18_50,3806.6232551790345
18_51,3150.4261462356812
18_52,3911.1471974161573
18_53,3078.1017235369404
18_54,1389.2100428191911
18_55,3069.8431445240426
18_56,4315.665336314203
18_57,3977.9807145475315
18_58,3433.240758204949
18_59,1679.6097355091485
18_60,281.74380550903334
19_20,845.5740979241157
19_21,3967.9139038772014
19_22,3944.470333849081
19_23,3318.8925511215366
19_24,2809.126579046556
19_25,1589.232300833497
19_26,2045.4273316145793
19_27,3299.1917380061855
19_28,4185.720379712279
19_29,3403.4479725442466
19_30,1831.2202933498183
19_31,3289.363795594828
19_32,3545.4871821609145
19_33,1960.4376984623111
19_34,1945.6978979792495
19_35,3412.194415052797
19_36,4398.478650721064
19_37,3433.823856924627
19_38,1612.1856120134603
19_39,2125.7291463017195
19_40,3499.2225525805466
19_41,3320.7565093323396
19_42,4132.57586932053
19_43,4147.391915456296
19_44,1960.241997672863
19_45,2719.2112546572585
19_46,3549.3183603859857
19_47,2946.9134973168602
19_48,3366.26555157384
19_49,3786.2262545649137
19_50,3801.531960118593
19_51,3724.4576995931134
19_52,3328.43265646269
19_53,1296.7041425215775
19_54,1436.4374099693396
19_55,2002.5880390925845
19_56,4659.278781804752
19_57,2057.158960472445
19_58,3815.004634114553
19_59,4128.628648991149
19_60,3682.4404591724488
19_61,1002.5608592054733
20_21,3390.672877704536
20_22,4376.634773336562
20_23,4232.600911793371
20_24,2800.383433087219
20_25,2399.7471215869923
20_26,3233.213873120212
20_27,2683.2134366170653
20_28,2355.8694035730896
20_29,2318.039321918242
20_30,3429.4138984611404
20_31,3346.7773133653936
20_32,2284.8818004358864
20_33,673.6294707088555
20_34,1799.828927490092
20_35,3952.546823589466
20_36,3521.9998333856424
20_37,4503.979583193133
20_38,4098.306983388333
20_39,4220.891402058545
20_40,3403.260591960552
20_41,4042.8573898933582
20_42,3996.3754758319074
20_43,4932.842343385476
20_44,2820.930753374034
20_45,3473.5073483266347
20_46,3351.1029881405952
20_47,3752.661435630073
20_48,2125.4391654930414
20_49,3172.288212516145
20_50,2782.629470981628
20_51,4015.4813278212155
20_52,3412.7076810350136
20_53,4099.415048436158
20_54,4531.916451195349
20_55,864.2169669422617
20_56,2917.95411300631
20_57,3878.9404470432273
20_58,3573.2587183318155
20_59,3928.7985787212856
20_60,3927.1130823625176
20_61,1810.4153817021565
21_21,2403.3059633495013
21_22,4324.799358642849
21_23,4300.796671429187
21_24,2276.665505131944
21_25,2722.354833942333
21_26,3265.440485157243
21_27,3553.852985207808
21_28,3670.493041557693
21_29,4013.207517302289
21_30,2339.0561636144075
21_31,2265.6056531394456
21_32,1290.2811314421974
21_33,967.9593804448064
21_34,3110.829964810913
21_35,2744.1067889846827
21_36,3034.4893318898053
21_37,2818.8244864495045
21_38,3311.0327465925566
21_39,3298.974625509617
21_40,4205.411746193601
21_41,2820.1743418386786
21_42,2143.9893559392744
21_43,3800.3407003430852
21_44,2975.8614068039396
21_45,2747.6950373373293
21_46,3391.07285572675
21_47,4192.488914462085
21_48,1994.0544609421581
21_49,1935.2977355467451
21_50,2926.0507466795466
21_51,3207.132594192627
21_52,3475.6612266819425
21_53,4334.031531931984
21_54,3286.4438541361264
21_55,3377.4510971543195
21_56,4324.751914139867
21_57,2679.5923275788105
21_58,2986.083122075707
21_59,2791.8132634786593
21_60,3828.8241736193913
21_61,2314.102399482449
22_21,1478.0808437194962
22_22,3648.3124493126074
22_23,3694.5334239397193
22_24,2625.617992701421
22_25,1291.448161262789
22_26,1087.3431902789885
22_27,3174.3138592910136
22_28,5486.706570683666
22_29,3746.8009420397316
22_30,4140.3699811297565
22_31,3346.5245385215353
22_32,2778.9183619311707
22_33,2181.9290513001056
22_34,2755.164448913101
22_35,3786.513980013905
22_36,1833.3713400898318
22_37,4124.596391005756
22_38,1388.5741260890434
22_39,1670.092088354644
22_40,3937.0210690593954
22_41,4262.5848510633505
22_42,4471.3459840122605
22_43,4204.460052459209
22_44,3847.1867588686937
22_45,1685.5122542155752
22_46,1137.7578784608927
22_47,3783.18775881399
22_48,3916.2049528889775
22_49,4107.515472884262
22_50,3336.2584796913056
22_51,3511.5763081089153
22_52,1735.2538427490913
22_53,4491.807881584347
22_54,2756.0684898329264
22_55,3752.7745150300693
22_56,4195.216545840882
22_57,3898.759353537965
22_58,4732.392448734254
22_59,3767.9238992449646
22_60,3706.655600480589
22_61,1696.9240065272752
23_12,1842.8812878308217
23_13,1189.9801734279804
23_22,2972.6433341939914
23_23,1144.1898054215656
23_24,1261.0581107445887
23_25,872.0547800155454
23_26,2155.3557745614075
23_27,3742.6105442085227
23_28,3747.272113283121
23_29,3753.9775864996245
23_30,4300.037789865492
23_31,4195.247196887612
23_32,3764.0672529293693
23_33,3701.7443747400384
23_34,985.0003577702033
23_35,4278.948127206672
23_37,3958.0309340708773
23_38,240.189435949734
23_39,1002.9512025598369
23_40,4009.111384116719
23_41,3488.5547630277647
23_42,2435.7987546545733
23_43,2698.9033401715783
23_44,3511.7463549768654
23_45,1872.5976288826128
23_46,2944.1854432925593
23_47,2751.20801837623
23_48,3464.8442248034844
23_49,4866.958222575778
23_50,4578.0570965377965
23_51,3476.651247867381
23_52,2289.1599409907813
23_53,4069.6197927121675
23_54,3279.326610059633
23_55,4026.1780258327417
23_56,4407.125428757947
23_57,3581.1058877209434
23_58,3110.689176218712
23_59,3783.1280524453864
23_60,3276.8356334212517
24_12,4055.316894261493
24_13,2120.5856777696736
24_19,1337.7310572241142
24_22,2403.684828756203
24_23,2234.3148072027934
24_24,594.82544393847
24_25,3437.0910360156618
24_26,3663.5265399808086
24_27,3752.276450523726
24_28,3811.952401378233
24_29,2418.3772313542627
24_30,3753.9773366029153
24_31,3594.506115045726
24_32,2222.2319900260577
24_33,2517.25982615386
24_34,2324.2605020562905
24_35,2568.686630336359
24_36,3851.255909154468
24_37,882.8903579846542
24_38,2274.8089344204095
24_39,2239.5388602848616
24_40,2347.5789762453815
24_41,2578.318323575044
24_42,2793.7100233683263
24_43,1089.111444089648
24_44,1820.8318568470656
24_45,3891.8667324043518
24_46,4200.931260812975
24_47,3079.709792099582
24_48,2805.6005593931827
24_49,4163.546645932251
24_50,1955.2890701603383
24_51,962.9203359335945
24_52,4084.090393737829
24_53,4779.678621912501
24_54,3477.1502936363063
24_55,4342.824586772988
24_56,1863.2874165086862
24_57,400.61669983707145
24_58,4009.9347865032946
24_59,3033.9576828106847
24_60,1936.4619681680258
24_61,2042.2205385960199
24_62,635.4105935388628
25_10,3988.3091784239064
25_11,3874.8525654637856
25_12,4239.147941130006
25_13,1551.277199175565
25_18,2406.535485980691
25_19,523.7391319012021
25_20,788.2426277434006
25_21,1694.5770726596086
25_22,2532.321197759901
25_23,3884.457595092463
25_24,4370.5454602816135
25_25,3872.127204924228
25_26,5037.2647645636325
25_27,3982.2015937678525
25_28,2351.9968876893827
25_29,2703.9860106110486
25_30,3919.9100516858703
25_31,3574.3511745984197
25_32,4666.84867822457
25_33,3461.3841635244135
25_34,3352.682343351116
25_35,2472.564631133367
25_36,2158.978594609987
25_37,1852.7331927492114
25_38,2511.8465242004927
25_39,1518.6267016580684
25_40,2838.671638223669
25_41,2832.514727012891
25_42,3051.46403118639
25_43,1440.189466850411
25_44,1922.199411221394
25_45,3632.665873152161
25_46,4664.113446923945
25_47,4110.757969686146
25_48,3698.3308406869437
25_49,3653.9163552507225
25_50,3424.3087453048684
25_51,2462.9629862025545
25_52,2428.5783340782846
25_53,3997.321114267176
25_54,3333.5019536492814
25_55,1521.5220155303425
25_56,1618.7008665890787
25_57,1533.5902212872832
25_58,1643.0923960513246
25_59,970.2466290813143
25_60,4050.379532199992
25_61,4869.628530887808
25_62,3652.625905607474
26_8,45.09988998051632
26_9,3429.049950336084
26_10,4490.716624163144
26_11,2966.461649397789
26_12,3377.6264064407865
26_13,3844.5496086090666
26_14,372.50686714142535
26_18,2971.1789473539193
26_19,3454.1524160375666
26_20,2850.609546155328
26_21,3557.2577238103936
26_22,2411.631022298945
26_23,3567.333482465926
26_24,3043.4489670608864
26_25,4590.454933933274
26_26,3904.642710951095
26_27,2724.647439749015
26_28,273.78428184293847
26_29,3437.7897448303975
26_30,4827.265304203383
26_31,3716.9984260089905
26_32,3187.7210065374584
26_33,2460.8741416724565
26_34,4346.4072878859815
26_35,3768.1463187264026
26_36,2691.180895540119
26_37,3115.835999590434
26_38,5080.484510753811
26_39,3120.269550684697
26_40,4056.2954586703545
26_41,3505.926218275438
26_42,3971.881335831095
26_43,3990.628589007354
26_44,2375.0570825205973
26_45,3433.341966220588
26_46,4240.492367147912
26_47,3567.919687699245
26_48,3820.0720751159174
26_49,2393.8002067290936
26_50,2718.3679664844976
26_51,1358.0434713908226
26_52,2287.207033670249
26_53,4587.943979764324
26_54,3378.801181110857
26_55,4608.813721512998
26_56,4909.921290714452
26_57,3339.470592719881
26_58,1899.7184440985543
26_59,3753.694023493804
26_60,4653.127345065584
26_61,2904.6516934241386
26_62,3291.7544066719784
26_63,3394.378640413398
26_64,912.9789093223677
27_8,1516.8328962016133
27_9,4501.244130094911
27_10,2984.411364704047
27_11,2679.7052374059945
27_12,3877.6187148122194
27_13,4063.6064488893894
27_14,1500.0029419888442
27_17,1526.8867445389506
27_18,3497.711907488314
27_19,4426.100259238559
27_20,3187.532386052594
27_21,1933.4372483652899
27_22,0.0
27_23,1822.3030472112548
27_24,2518.525886417713
27_25,4844.408214461799
27_26,6069.156863495467
27_27,4757.727006210117
27_28,3316.7491569740405
27_29,3799.282239376942
27_30,2310.705273362484
27_31,3625.859550439231
27_32,3789.7910432832623
27_33,2228.890667219724
27_34,3626.258560950928
27_35,1431.4317963529804
27_36,3784.2524383760424
27_37,4758.226667093052
27_38,5152.417769169967
27_39,4483.294145019113
27_40,3877.647046916752
27_41,3138.75025380026
27_42,4530.909176800627
27_43,5129.330779509994
27_44,2732.276574954481
27_45,3621.544186487326
27_46,3569.737420430219
27_47,3182.8362819917375
27_48,3985.5598396664254
27_49,4322.734672249678
27_50,4196.53722106543
27_51,3947.329108970519
27_52,4223.940870143769
27_53,4011.5735386886317
27_54,2530.2376270423033
27_55,1867.145768760471
27_56,4188.7266045444185
27_57,2992.9883130069265
27_58,2013.60278529278
27_59,4172.559756965684
27_60,4722.618828802127
27_61,3246.2750606182367
27_62,3355.0431712830186
27_63,1712.9818217534198
28_7,2620.948685904449
28_8,251.59639415194866
28_9,4878.438994478728
28_10,4996.816606187187
28_11,1878.9040680286641
28_12,3489.40935767958
28_13,5389.140576398574
28_14,1895.6309057281653
28_17,1311.783515995704
28_18,862.8280599334735
28_19,2606.423602107846
28_20,2787.686636673435
28_21,3187.05752543885
28_22,1256.4553500700058
28_23,2562.8288079193458
28_24,4926.947958103767
28_25,5167.023630120205
28_26,4549.374106576527
28_27,4352.064412231975
28_28,4327.333006257137
28_29,4238.89252283448
28_30,3292.1265855485094
28_31,3716.1972744071422
28_32,3837.2873607010583
28_33,3511.1591574720896
28_34,2680.005450834397
28_35,2006.4382580081462
28_36,3353.6509798606903
28_37,6077.963597339514
28_38,4484.763865723848
28_39,5725.064076598092
28_40,4200.982630246315
28_41,3308.6811343650807
28_42,4373.432929601371
28_43,2116.5607293103067
28_44,2957.315096652639
28_45,2752.5865212705844
28_46,4363.664440253696
28_47,3553.3364718763187
28_48,2227.9985264506086
28_49,3495.2359565684737
28_50,3970.86747716696
28_51,2663.138520320939
28_52,2922.0601710156325
28_53,5064.422665728005
28_54,4090.7961219432564
28_55,2614.9983199010717
28_56,2450.611970879667
28_57,2504.6560137107813
28_58,4334.837219757918
28_59,3031.900134788187
28_60,5147.806289159977
28_61,3127.362880533162
28_62,4330.018788301308
28_63,210.0362069543297
29_8,2417.893953165675
29_9,979.5654382880024
29_10,3995.155072677012
29_11,1363.9035933493508
29_12,3967.348545429276
29_13,2668.351793973745
29_14,3906.615263534384
29_15,1429.9921748094268
29_16,3274.772296713248
29_17,1729.5456185328383
29_18,455.9424812701154
29_19,2292.0751013783447
29_20,3238.1445069590736
29_21,3900.4279094940803
29_22,1530.2421568287662
29_23,2695.7586115831714
29_24,5129.5715863280775
29_25,5892.598873706113
29_26,5106.636636246013
29_27,3391.083033477932
29_28,3468.9322997088234
29_29,4026.037913599569
29_30,3518.533225484928
29_31,3720.2267995823363
29_32,3409.063837296267
29_33,1195.1943690376854
29_34,3671.0690845003223
29_35,4238.395465537977
29_36,5622.634482608195
29_37,3472.3454924720345
29_38,2841.849004260494
29_39,6133.664205083448
29_40,4178.885562003792
29_41,5275.714343910886
29_42,4917.773183030382
29_43,3542.089388577031
29_44,3475.1685046531284
29_45,3131.2764401328254
29_46,2267.7785673787857
29_47,2367.5717365367063
29_48,2239.9692499765097
29_49,2091.759864716394
29_50,3949.097221768216
29_51,2722.2271396241235
29_52,3009.5626276977155
29_53,3833.4102142701236
29_54,3551.0480288501867
29_55,2910.791932685466
29_56,3820.7092807196714
29_57,2700.807629582822
29_58,3568.910391523493
29_59,4676.398652500771
29_60,3678.3065884095467
29_61,3861.6567532274935
29_62,3614.0837667073447
29_63,591.3646364980494
29_64,577.4305547557028
30_9,2880.946420400454
30_10,3250.2248921478895
30_11,3702.0907730395197
30_12,4861.516437694123
30_13,4183.603814938567
30_14,2912.891366056065
30_15,3993.2062140723147
30_16,2938.224309765803
30_17,3963.4089764701985
30_18,3116.819816003293
30_19,2963.793346976091
30_20,1682.975804709098
30_21,3419.683035477685
30_22,154.0928065533253
30_23,3123.081062856854
30_24,3549.7037709171855
30_25,3508.4889705420337
30_26,3735.7118601604
30_27,2264.4448468265937
30_28,1594.448192634649
30_29,3492.6164645947083
30_30,3549.164814235531
30_31,3832.284475084686
30_32,2151.471429589457
30_33,4335.058592435978
30_34,3535.827940437729
30_35,2727.397125980781
30_36,3747.6913210597704
30_37,4597.021058450024
30_38,1776.9455604901611
30_39,2622.8964337198645
30_40,1580.9722771988293
30_41,2432.622810021304
30_42,3647.090219135861
30_43,4218.2716522541805
30_44,3907.950151743045
30_45,3502.5853889464793
30_46,1555.550370938625
30_47,1190.4228613239272
30_48,2617.9237202671243
30_49,3204.66999668548
30_50,4159.140839825708
30_51,5084.116413972794
30_52,3926.1826259624854
30_53,4502.845447922282
30_54,3594.1002629611844
30_55,3253.5658501684165
30_56,4121.796236631479
30_57,3346.066333060141
30_58,3755.380013325917
30_59,4562.445496592081
30_60,3902.1642090213804
30_61,1556.0479298887146
30_62,2334.7729454119717
30_63,444.8108001646763
30_64,126.7442199777416
30_65,307.9306892438614
31_10,3651.9502373239397
31_11,3816.9029122949446
31_12,3540.7146258118164
31_13,3340.7379075672206
31_14,3623.753265866303
31_15,3214.5812787776717
31_16,2776.298257779781
31_17,4301.249655393192
31_18,2863.2803968687263
31_19,3498.4465464294353
31_20,3520.1058128551344
31_21,3644.874368977111
31_22,2645.012039369026
31_23,2731.1067434618767
31_24,3527.7769486790285
31_25,3947.6914338779534
31_26,3338.9676112512025
31_27,2634.102877681815
31_28,3756.3070441879613
31_29,3997.7282350787114
31_30,3855.3767773097657
31_31,4170.374457168415
31_32,4015.1374390997826
31_33,3888.58144661521
31_34,2303.341202343142
31_35,2526.7698269401285
31_36,4092.511246691897
31_37,4331.316262976068
31_38,1484.6009164954437
31_39,1817.3632655476783
31_40,0.0
31_42,1852.5034820127282
31_43,4203.990078598753
31_44,3116.228092159282
31_45,2978.6804794367304
31_46,4075.029269940001
31_47,4496.9033459597895
31_48,2911.961810702603
31_49,2389.7636627841716
31_50,3832.5827923776133
31_51,4065.3233740146297
31_52,4182.337440044328
31_53,5260.504958390174
31_54,3785.717476072783
31_55,2079.7817482657706
31_56,3980.6397997973795
31_57,4199.852832750182
31_58,3442.5208422294068
31_59,2714.9206982978944
31_60,1657.040253916093
31_61,1896.285689958129
31_62,3277.68750645769
31_63,3267.1062932703753
31_64,1240.5584792831892
31_65,48.74392259576092
32_9,510.7870348453731
32_10,4610.851888016239
32_11,3602.9578274823552
32_12,3857.5778505098197
32_13,3599.196089273197
32_14,5410.709212359753
32_15,3406.4247158071375
32_16,2703.6353052599907
32_17,4615.948908901076
32_18,4099.733010054301
32_19,4302.179086776826
32_20,3739.5365088408616
32_21,2827.098754733073
32_22,2742.930670822825
32_23,1293.843976721502
32_24,2751.678871683401
32_25,2998.349161321846
32_26,3160.679488311349
32_27,1846.7722709939912
32_28,4475.304196934332
32_29,4292.443145099838
32_30,3816.6767591214234
32_31,4176.569023709554
32_32,4186.360770822807
32_33,4063.6838719630364
32_34,4068.0072712048222
32_35,1914.3478783498697
32_36,1682.5280444027542
32_37,4.14728976874715
32_39,605.6971171856724
32_40,501.0117820728177
32_41,760.4936041505281
32_42,2644.0466456487966
32_43,3351.064228305644
32_44,2015.979143425792
32_45,2234.3891639949024
32_46,4241.730916402209
32_47,3990.0767941939325
32_48,2739.824618026096
32_49,1237.127686424612
32_50,2584.3961523393996
32_51,2166.0806486153333
32_52,3648.849610295156
32_53,2656.893797706465
32_54,2933.355838303458
32_55,3722.2266722096697
32_56,2674.158713241897
32_57,1477.6583248328513
32_58,2397.3807854864403
32_59,1888.5841289052062
32_60,3110.282178201407
32_61,2536.352661223895
32_62,4079.1037329478395
32_63,4631.769488001864
32_64,3431.20580088031
32_65,765.3791517538837
33_9,2154.928083633915
33_10,3880.4107205244277
33_11,4133.000520022362
33_12,4240.329144505442
33_13,3221.0033573804353
33_14,3426.675575096568
33_15,2575.1862301179626
33_16,2638.0725670188745
33_17,1836.368448544043
33_18,3649.6089464454126
33_19,3202.694139859649
33_20,3117.24094543945
33_21,1652.45315121093
33_22,3087.3652983700476
33_23,1738.0370363378454
33_24,3452.153854807553
33_25,3753.0984434918378
33_26,3079.9130188969098
33_27,2504.5666531892994
33_28,2400.6953755658988
33_29,2956.067596179804
33_30,3498.9219288827985
33_31,3719.438957538861
33_32,3564.8836083290316
33_33,3496.8402681697767
33_34,3441.749309225941
33_35,2890.077174906123
33_36,2207.8650056007996
33_37,2740.6378471611347
33_38,629.1172644058153
33_39,524.7679609514106
33_40,710.5258318994278
33_41,1304.33645282093
33_42,210.40799078881003
33_43,2068.8925812485336
33_44,1874.821066385257
33_45,2135.1061114806357
33_46,3252.27738275308
33_47,4564.546515868093
33_48,1348.0523373822184
33_49,986.2965611259092
33_50,3102.078144142563
33_51,3069.403524569917
33_52,2250.492338084375
33_53,343.5336897484358
33_54,3004.5437419891487
33_55,1495.7865516800844
33_56,0.0
33_57,2346.3385537142894
33_58,3113.7155112273767
33_59,2257.083106029852
33_60,2433.670346142458
33_61,2008.4515380392818
33_62,437.084039503592
33_63,1275.5678380414938
33_64,2974.3474246115384
33_65,704.1667153843948
33_69,965.9833174395189
34_9,340.7929239313388
34_10,2846.6347504484356
34_11,4533.023245965664
34_12,2200.6721868102586
34_13,3123.0592663085936
34_14,2723.3920579118185
34_15,3928.0876627531084
34_16,3271.9013947497738
34_17,4222.122073852702
34_18,3508.155171317303
34_19,2616.0923425970973
34_20,4238.392437194048
34_21,5755.309382123986
34_22,4187.293043200359
34_23,2936.7537155616697
34_24,3447.838235840053
34_25,3736.267522532292
34_26,2521.9164922612226
34_27,2111.989516335085
34_28,2803.250908156799
34_29,3119.800846038821
34_30,4042.043530132688
34_31,4445.445677157618
34_32,4892.720147015226
34_33,2305.5509823226753
34_34,2489.578593329538
34_35,3975.4862587829925
34_36,2853.494442218987
34_37,2830.628431906191
34_38,566.175270377413
34_39,567.1858368957156
34_41,25.736411499700566
34_42,2315.7660409400264
34_43,4174.2324484649025
34_44,2503.46569121284
34_45,2249.5082932948276
34_46,1158.5958195134226
34_47,2192.1222400637444
34_48,1487.9464896518512
34_49,2863.3082376847337
34_50,2775.4032648041384
34_51,3050.992011485346
34_52,46.51699913236506
34_53,149.7190191180276
34_55,9.565422638363072
34_56,766.2859569216719
34_57,2631.689001524318
34_58,2740.1460476618054
34_59,2920.095764173787
34_60,3778.445039510615
34_61,3783.6414167984576
34_62,90.3884203280694
34_63,0.0
34_64,0.0
34_65,568.2302493195497
34_66,736.5485631601379
34_67,678.2867227172807
34_68,852.6126610385526
34_69,3869.065143335655
35_10,3360.0749976285924
35_11,5060.3477490475325
35_12,4026.917926258015
35_13,4508.651573780521
35_14,1909.132774175004
35_15,3508.704317162655
35_16,2240.493552245235
35_17,3164.160717042769
35_18,1809.8156027728594
35_19,2368.6523637977843
35_20,3102.850263010625
35_21,1967.7312452844849
35_22,2901.697331408384
35_23,3915.556032467644
35_24,3178.519822604499
35_25,4414.660693983682
35_26,1951.2490356789087
35_27,3810.529076040404
35_28,3270.093962219989
35_29,3064.6427228111243
35_30,3953.0537032890056
35_31,3842.1140570234707
35_32,1964.1297785769452
35_33,1909.2632835156685
35_34,2893.3296066599064
35_35,3701.59338397573
35_36,4657.184155280674
35_37,3216.5590584120237
35_38,89.35511121811334
35_39,118.9837524071948
35_41,852.3519775085692
35_42,4341.398980604356
35_43,4081.9873658786646
35_44,2532.9332456639077
35_45,2504.3767155316687
35_48,2924.7824175441265
35_49,3149.88436508888
35_50,3919.4421208753656
35_51,2630.4760267615497
35_52,104.98610918115205
35_56,1073.5537727130677
35_57,649.3561947696696
35_58,3175.3681531244106
35_59,921.9285968917443
35_60,3410.5854833701383
35_61,1581.7740331988812
35_62,1101.516328474068
35_65,1922.337361982433
35_66,2124.5911064996867
35_69,1464.3824739259287
36_10,3500.876163841214
36_11,4863.872398092372
36_12,3312.6545688380734
36_13,1644.7404290347413
36_14,2416.568977147585
36_15,3259.7938623835134
36_16,2470.860028133167
36_17,2609.8674173452646
36_18,2898.3291189023603
36_19,3612.7215084170903
36_20,4132.376407313092
36_21,2543.6567035310363
36_22,2318.6320630046125
36_23,2474.2843577713857
36_24,1840.3195702422586
36_25,2889.335578366234
36_26,2824.464462763951
36_27,3067.6330004409115
36_28,2767.2097446417924
36_29,72.60468559542244
36_30,2038.8669791569719
36_31,3976.0256924401674
36_32,2501.343845720162
36_33,3132.4378298095703
36_34,3574.9309316617673
36_35,3823.692156873304
36_36,4429.133194656894
36_37,4367.92739635402
36_38,2341.8231524806456
36_39,2621.0525919864326
36_40,3648.41939162083
36_41,2050.8516373514512
36_42,4630.192502240742
36_43,6330.238190811218
36_44,2543.8566609719373
36_45,3773.159107643953
36_46,3406.969803443922
36_47,2010.201989228232
36_48,1331.5714599366202
36_49,1220.8653382301407
36_50,1230.2519541874667
36_51,2337.1980848709536
36_52,1585.354446833288
36_54,1230.6672478664218
36_55,1858.9151937187285
36_56,2961.2597798813267
36_57,1453.0260629962197
36_58,821.1283617515305
36_59,918.2848472399332
36_60,342.19473881870795
36_61,1419.5945477004545
36_62,528.0968887477344
36_63,1540.2837210451996
36_64,842.6458531025054
36_65,2148.1366132798244
36_66,2632.3117651469347
36_67,3283.859994567199
36_68,906.9198575050505
36_69,2446.961690164194
37_9,776.5549721501887
37_10,3362.9621212132347
37_11,3146.4010782357245
37_12,3256.403736995333
37_13,3863.9597899114906
37_14,2091.4914027086334
37_15,2715.2369203322464
37_16,2082.605383606994
37_17,2377.991123746253
37_18,1480.5068273548698
37_19,2795.652400110882
37_20,3973.649586296762
37_21,3711.9421751811506
37_22,4037.5245958307864
37_23,1995.8967787621418
37_24,2119.4739749149667
37_25,1759.6209645531192
37_26,1370.8866121990966
37_27,4308.223884693538
37_28,3387.087580166243
37_29,2954.663521918831
37_30,3189.3135380495523
37_31,4014.581126710286
37_32,3255.53726547165
37_33,3896.870455446632
37_34,3747.5629791665638
37_35,3872.3640190762344
37_36,2934.6822803586656
37_37,3483.4702239906937
37_38,3239.752747969489
37_39,3441.7482869323185
37_40,2340.0787377959214
37_41,3234.4784445510686
37_42,4545.169176088009
37_43,4418.228338006958
37_44,3857.012574357151
37_45,4295.534629734891
37_46,2012.0096021108593
37_52,1087.2894940050685
37_55,2022.3519088614796
37_56,3842.1882021699275
37_57,1330.9617608762385
37_58,1451.7541500839068
37_59,797.2132507430014
37_61,1563.2763244801263
37_62,3444.6587100315405
37_63,1676.3228596321505
37_64,1835.2425932000078
37_65,1108.8001570930035
37_66,3521.2713479614954
37_67,2453.9141749901746
37_68,1402.6699978525812
37_69,3100.599851928539
38_10,1328.736678364488
38_11,3401.5613567683163
38_12,3943.940518165997
38_13,4405.286241942227
38_14,847.9654881694435
38_15,2840.6816627836247
38_16,3115.575671607009
38_17,2997.0380988905495
38_18,3401.1035659416784
38_19,3933.745314117755
38_20,3137.989589351637
38_21,2978.9515403427063
38_22,2148.3702922285092
38_23,1656.7544456432804
38_24,1034.9774773992401
38_25,1540.6690959458156
38_26,1980.2223416361037
38_27,2936.0455888819247
38_28,3902.705221454825
38_29,4039.432633025442
38_30,3095.985517011861
38_31,3558.415756132077
38_32,3502.884411680453
38_33,2716.1552224537436
38_34,3401.6812411991946
38_35,3093.1626281147173
38_36,2321.369885112398
38_37,3813.1202460596523
38_38,3295.6820165556273
38_39,2393.6853515190523
38_40,3027.623839761816
38_41,4822.019220213873
38_42,4035.884434942601
38_43,5791.685442578722
38_44,3882.592385859228
38_45,2465.391721716754
38_46,909.8943612224359
38_47,384.3044877990507
38_48,1011.1410774657923
38_49,688.077635766696
38_50,881.8193836965381
38_52,899.8930125444031
38_53,0.0
38_54,19.812901145325114
38_56,3968.848564583867
38_57,1978.3841993658375
38_58,3423.2390998041196
38_59,2601.343999332297
38_60,2259.534796439079
38_61,2552.734782140165
38_62,3712.4611222945036
38_63,3505.05145621687
38_64,2850.503930143609
38_65,3165.3477332725774
38_66,2819.676793815957
38_67,3615.056490490114
38_68,3877.4695266798417
38_69,1878.3737529236305
39_11,1124.153439013967
39_12,2762.560910709132
39_13,4437.290980246686
39_14,4806.506420701527
39_15,1626.8196734596088
39_16,1699.1602724722368
39_17,3803.672358838895
39_18,2576.253435902837
39_19,2388.427115600896
39_20,2850.09949640964
39_21,3373.845664846338
39_22,2711.291460763854
39_23,1242.7352177252865
39_24,541.5884055112891
39_25,1931.7325267253448
39_26,2299.325416135399
39_27,3295.6343844115313
39_28,5454.841075765994
39_29,3099.176622604091
39_30,5092.957825562494
39_31,3973.5434994833095
39_32,3768.3965203882362
39_33,4964.560129382519
39_34,4138.4106373036
39_35,3532.2570717402937
39_36,3864.1081091151686
39_37,4204.1158050815475
39_38,1781.6637557884735
39_39,305.98277443669076
39_40,3636.878549294953
39_41,4720.113725867086
39_42,5115.933711210134
39_43,4147.325183594065
39_44,4195.01536929895
39_45,2519.126404455225
39_46,3438.0964313034688
39_47,1901.6662806964778
39_48,1681.5353428410824
39_50,1260.5171678533834
39_51,858.9283277625755
39_52,1102.3076757364124
39_53,539.7078265770871
39_54,1541.5242245533336
39_55,3391.9310134076727
39_56,3884.7219938539683
39_57,3743.0425160473606
39_58,3927.880757723773
39_59,3573.7189868380947
39_60,3708.6209515878477
39_61,1900.2746118108014
39_62,2910.153267086039
39_63,1755.7747198827094
39_64,1886.6894738189224
39_65,319.9729792681185
39_66,0.0
39_67,193.72563029249966
39_68,1843.1832626842418
40_12,667.9366752665721
40_13,4534.430444411622
40_14,4218.087822843793
40_15,3359.3445246527867
40_16,2488.1293312329126
40_17,4160.572007846373
40_18,4006.25089723914
40_19,3146.950454973941
40_20,2646.5227636096993
40_21,1050.4162905754629
40_22,1921.2673022163997
40_23,2982.944945100987
40_24,3675.2156473409723
40_25,2712.960593223559
40_26,3130.3473901921516
40_27,4235.326891527731
40_28,4009.1020000215026
40_29,3121.8702800181863
40_30,4565.521792484679
40_31,4854.942471052677
40_32,5215.222795131323
40_33,3219.3561554925623
40_34,4519.087702058765
40_35,3403.245694960941
40_36,3877.498884401872
40_37,3529.444131416517
40_38,1408.5462621757958
40_39,2035.4556737675412
40_40,4234.191795403376
40_41,2311.7800101008966
40_42,4125.5927952306765
40_43,3110.2698762609853
40_44,1820.068580314154
40_45,3190.8156948406654
40_46,5054.676145044165
40_47,3642.7597322685792
40_48,53.1430059988813
40_49,1536.1692734506491
40_50,1173.9818693920297
40_51,795.0210080123854
40_52,1281.9293518739664
40_55,627.270941981516
40_56,1179.3346643501172
40_57,1649.9118310041633
40_58,664.2991647109147
40_59,2954.465108632325
40_60,2115.874120683597
40_61,872.6882519723921
40_62,1580.7341670995113
40_64,60.76867618023258
41_12,1072.1468126505822
41_13,2867.8936932005236
41_14,3469.517828329431
41_15,3743.63421460328
41_16,4365.91713628961
41_17,3453.736447024904
41_18,2761.436065957327
41_19,2110.854160599291
41_20,1609.494205008023
41_21,2538.3787251041776
41_22,2252.180186164759
41_23,2476.6297965789863
41_24,2427.624442904816
41_25,3198.2358461970416
41_26,5090.652566749617
41_27,4840.237470549717
41_28,5421.98134515025
41_29,5013.502217465325
41_30,6364.51304185978
41_31,4926.267737192802
41_32,3153.524335509813
41_33,3306.0080498671223
41_34,4193.505021028857
41_35,4703.344760519811
41_36,4338.62330305701
41_37,4591.656741869206
41_38,3293.9425689512304
41_39,2895.324836541232
41_40,2050.8289060258953
41_41,1937.5408649051706
41_42,4233.227461078933
41_43,4097.9507553541025
41_44,2889.8765528045633
41_45,2271.410871283811
41_46,4567.960275063832
41_47,4128.574943696107
41_48,1411.4378823784295
41_50,369.4683322084565
41_51,2224.521254700946
41_54,1228.0191498175316
41_55,546.9257639945528
41_57,616.3664386525174
41_59,269.23220925903576
41_60,820.494524155646
42_12,1454.291395034768
42_13,2976.9810160226357
42_14,1782.9004275816962
42_15,3034.009896638638
42_16,4274.577869652226
42_17,3873.6797562852507
42_18,3339.80298812586
42_19,3598.9466577663793
42_20,3065.3742358929258
42_21,2762.966362838049
42_22,2157.1343681840513
42_23,2675.710491260601
42_24,3685.9524800386503
42_25,3165.1309634435083
42_26,5136.910841664095
42_27,4644.868641299013
42_28,3548.3510257705343
42_29,4215.262783043489
42_30,4779.019030278063
42_31,6468.58714574375
42_32,4125.859306565235
42_33,3079.2205640709294
42_34,4522.0845122237215
42_35,4525.530625983406
42_36,4090.128071977855
42_37,2365.7989131228132
42_38,2180.8093294061823
42_39,2825.9745882190377
42_40,3313.151274692991
42_41,4477.5258824632965
42_42,4074.8492649483815
42_43,5805.405730172951
42_44,5074.330051623972
42_45,5454.745587702774
42_46,4359.961765603325
42_47,4587.872722265827
42_48,863.2865200146389
42_50,3036.0630269963735
42_51,3515.876646317313
42_52,2020.2600748369275
42_53,1996.4571963765513
42_55,1705.8624081438813
42_56,1407.6943175243669
42_57,1296.1532202070716
43_12,1932.5565737678269
43_13,4745.930218894443
43_14,4749.428263744525
43_15,2506.4684108380425
43_16,2845.236840930767
43_17,2549.0304841384004
43_18,3607.0149730041458
43_19,3475.552806814407
43_20,3356.4346603592626
43_21,2385.4751382840823
43_22,3059.745973489255
43_23,3468.2843893843
43_24,4107.893178647382
43_25,4123.6312664495335
43_26,4447.790334939746
43_27,3973.407713730568
43_28,4548.185201487398
43_29,3616.0810044327122
43_30,3209.787753004264
43_31,3414.78729084294
43_32,4888.602292741523
43_33,4528.450146007856
43_34,4115.639579309969
43_35,2306.4270284828212
43_36,4087.5788826269854
43_37,2296.063836275884
43_38,1952.132813916364
43_39,2228.0157690879346
43_40,1096.239317872975
43_41,3974.5925508222003
43_42,4184.747373499416
43_43,5674.0575670166845
43_44,5062.388735333509
43_45,4001.05253725671
43_46,4454.210249683175
43_47,2134.5179308739516
43_48,2754.6841787074677
43_49,3223.573756024534
43_50,3706.976935204799
43_51,3399.130754919691
43_52,3402.976813876766
43_53,3329.7657602262284
43_54,2304.3527864838784
43_55,160.67295650980665
43_57,1144.5059472766527
43_60,859.957010583049
44_12,4761.679464902301
44_13,4404.606017951864
44_14,3660.3309933570868
44_15,848.8024259973712
44_16,2756.366005554173
44_17,2268.0140534779234
44_18,3590.9365125926693
44_19,1043.3438204404226
44_20,3366.0765975304416
44_21,3172.4757167144485
44_22,3461.7240483247842
44_23,4078.672896917937
44_24,4226.378596614428
44_25,4128.255301285422
44_26,4229.895016100112
44_27,4666.971343109142
44_28,3569.538697367275
44_29,3111.2727982162537
44_30,3626.5992127871114
44_31,3766.705288375847
44_32,2663.369087270819
44_33,2297.593790818979
44_34,4469.10511908418
44_35,3701.9825501792557
44_36,2473.4995905002756
44_37,3375.315357915441
44_38,3759.2732907152044
44_39,5605.429641581231
44_40,5372.2748170206705
44_41,4337.366115507452
44_42,3504.4180398074523
44_43,3750.0228728680577
44_44,3631.3404110241313
44_45,3400.8373325643897
44_46,3557.8518610006026
44_47,2275.4989157968985
44_48,3164.1716811327988
44_49,1936.3736894163608
44_50,2363.189750912369
44_51,3068.3866716773355
44_52,2472.153022068003
44_53,2553.229262092562
44_54,877.658002081279
45_12,1264.646812954049
45_13,2556.7520632474943
45_14,3150.7862984926314
45_15,2579.4046830562775
45_16,3437.1684979702554
45_17,2447.8452598700283
45_18,3026.7569650591017
45_19,1799.462713684416
45_20,2236.602675344857
45_21,3254.673107103196
45_22,3490.8420342585855
45_23,3749.829454740739
45_24,4524.740114920667
45_25,4244.727610654827
45_26,3561.573069156903
45_27,3040.84101927532
45_28,4651.776128667283
45_29,4518.164341889509
45_30,2180.29162497968
45_31,2760.186059381287
45_32,3617.7418259936176
45_33,3847.893496310046
45_34,3268.823164842144
45_35,3835.050756942358
45_36,2836.280068268301
45_37,2827.3121737958877
45_38,3714.621628376426
45_39,4107.898436448385
45_40,3041.1180624411772
45_41,2260.5182099525377
45_42,3696.5109861261417
45_43,3635.8841090217866
45_44,3509.00987744127
45_45,3261.341615551414
45_46,3059.6251426421004
45_47,1854.3912153144543
45_49,0.0
45_51,106.71094167557136
45_52,1112.7321894297208
45_53,2255.1153182048265
46_7,1890.926844862627
46_12,375.9133955907955
46_13,3909.254700058577
46_14,2979.0590491612656
46_15,3545.6902266738693
46_16,2259.986442732173
46_17,3183.3298211383253
46_18,2952.515029210182
46_19,1371.4814120109295
46_20,1134.308343060545
46_21,2682.7002517144633
46_22,2847.7176657668133
46_23,3725.0173038550884
46_24,4856.617760951698
46_25,4367.069427209567
46_26,2898.040277252654
46_27,3712.5381592083477
46_28,3828.893581630586
46_29,2031.83930848019
46_30,1793.4618848721052
46_31,2401.2783661326703
46_32,3200.597889900974
46_33,2260.775434214615
46_34,4296.545364679138
46_35,3566.671944984648
46_36,4594.004398689887
46_37,2659.906282287703
46_38,2533.0508144887967
46_39,3077.534196914842
46_40,4308.8930326623395
46_41,1998.9317497550205
46_42,4576.554594679745
46_43,3733.132582388851
46_44,2982.287942626721
46_45,3894.2186650420085
46_46,3639.58116880753
46_47,773.596989563784
46_49,0.0
46_52,0.0
47_6,1064.1145265685177
47_12,1934.2676753882236
47_13,2695.209054834704
47_14,2883.022112934922
47_15,3159.0867016165457
47_16,2771.0022439354593
47_17,2015.4311796501709
47_18,2806.2106970316786
47_19,2771.7153661738994
47_20,3019.7220471520427
47_21,3644.7874280557044
47_22,3584.886785125221
47_23,2536.4317031810574
47_24,3519.138506903021
47_25,3375.27917767514
47_26,3328.322029618302
47_27,3600.289957931729
47_28,4416.612127240566
47_29,2260.8630690617056
47_30,2012.7277602599218
47_31,3284.754112410063
47_32,3836.2216429177165
47_33,3029.4251825722495
47_34,2973.250178322382
47_35,2327.3807778737446
47_36,5555.2004331390235
47_37,3343.4912735050425
47_38,5574.785973687116
47_39,3918.251583568955
47_40,3274.8295573993164
47_41,3896.1596006858113
47_42,3110.803186236437
47_43,3523.7352945434886
47_44,3851.1092716086096
47_45,2752.147063575972
47_46,2510.131744019593
47_47,625.42997982738
47_48,0.0
47_49,646.0287791042995
47_50,704.5139688113525
47_51,0.0
47_52,0.0
47_53,519.4968562989567
47_55,3219.041682825801
48_4,624.3943344216075
48_5,474.399261393477
48_8,977.2347278512184
48_12,2752.3723611185746
48_13,3051.7608360275085
48_14,2569.5844340211816
48_15,3070.127724084289
48_16,2485.0732082030217
48_17,3390.7250111360836
48_18,3092.8338055265313
48_19,2722.3679758315084
48_20,3685.447073346719
48_21,3681.9174601034633
48_22,2660.07275121785
48_23,3356.24812342557
48_24,2115.9717744065406
48_25,2531.826145778196
48_26,2013.3528754119434
48_27,3163.713921374226
48_28,3271.579370845334
48_29,2864.536012768483
48_30,2844.0923681032596
48_31,4069.7825745714595
48_32,4308.934352683721
48_33,3705.5697856683264
48_34,1540.173825128745
48_35,2706.5377651024264
48_36,3074.589407274831
48_37,4002.903687100429
48_38,3658.4047984034487
48_39,3364.8438186113563
48_40,2802.6367808530717
48_41,3459.668938699282
48_42,3646.888638130628
48_43,2956.4580714203175
48_44,2406.5832185991844
48_45,2950.9075840544515
48_47,414.71773659052366
48_48,918.9381956360448
48_50,0.0
48_52,0.0
48_53,868.8128814267894
48_54,3405.3817857161316
48_55,3150.7102074919108
48_56,3734.259126913915
49_6,385.52812211164354
49_7,1940.4583438309874
49_8,3134.6704002967926
49_9,1323.5847664881849
49_10,51.26515870133153
49_11,897.7998296591222
49_12,3445.140688500293
49_13,4193.013368316899
49_14,5347.9571887484335
49_15,4547.69230818134
49_16,3442.8193715248867
49_17,2986.5358974219516
49_18,3429.3465076030975
49_19,3666.60420501843
49_20,3723.074159778663
49_21,4110.383893752105
49_22,4047.5082969568766
49_23,3460.4516012511313
49_24,569.1526590932049
49_25,1947.9250739542217
49_26,3523.0404070995337
49_27,3043.228870440242
49_28,3768.5685935700294
49_29,3346.6915561302853
49_30,3039.1117861244124
49_31,3886.0124832492966
49_32,2922.4290102339965
49_33,2351.162982840821
49_34,2031.9877035917214
49_35,2471.149910379052
49_36,3887.8331299568085
49_37,2854.538900393711
49_38,3947.8870774668085
49_39,4322.837277477529
49_40,4419.547893328638
49_41,4555.158817352787
49_42,3870.906912047011
49_43,3226.9182494835886
49_44,2738.346082825794
49_45,3379.8207813922386
49_46,1265.095322207757
49_47,1379.30046066735
49_48,923.3812641630702
49_50,668.6643654849564
49_52,1585.0213518140945
49_53,2673.1156837521426
49_54,3660.23732078087
49_55,2914.3899281707454
49_56,3780.6904517508165
49_57,3311.4032051256077
50_5,1316.28979711152
50_7,1208.3629866937933
50_8,4928.5304447627395
50_9,3508.211506077018
50_10,79.32534288249073
50_11,2045.9023835282183
50_12,2379.1525562192132
50_13,3105.297237821605
50_14,3725.1209013747016
50_15,3745.1675860416526
50_16,4051.644622150796
50_17,3599.667214103042
50_18,2875.4211608876535
50_19,3896.3389117645934
50_20,3419.351076853681
50_21,4010.146777428995
50_22,3043.6004125018203
50_23,3104.520019307923
50_24,2324.163972742177
50_25,2356.2232625913402
50_26,2567.998115862323
50_27,2807.0556821796004
50_28,2816.477934431983
50_29,3227.3095330755823
50_30,1840.7671131509471
50_31,4012.832244311009
50_32,2266.564661519877
50_33,3573.84209158771
50_34,2877.453184227607
50_35,2529.1406488366256
50_36,3929.2460890508355
50_37,3074.7823929309347
50_38,2874.4587561408803
50_39,5251.191281908024
50_40,3765.092313074263
50_41,3536.3493901462716
50_42,3593.4595991669876
50_43,2804.026386675578
50_44,3225.7348792376347
50_45,2903.0462947305828
50_46,2821.9252826522
50_47,1493.38024321765
50_48,1810.1127723572038
50_49,1812.8518635908324
50_50,2704.650517382587
50_51,2144.4982388173275
50_52,2526.4785844270223
50_53,3123.5848755571415
50_54,2969.2477202799523
50_55,3474.8363072960806
50_56,1077.6033750302995
50_57,617.4568343668665
51_5,780.7353976511286
51_6,449.5999376595281
51_7,872.2076195904485
51_8,695.1331084125632
51_9,1050.365747067523
51_10,1258.4777104772104
51_11,3418.0081359361416
51_12,3063.0345964680287
51_13,3979.8027374654203
51_14,3102.306560197204
51_15,4414.755147725987
51_16,2652.1481133720763
51_17,2759.4634754412564
51_18,4209.4172500785935
51_19,2860.0962560198395
51_20,2274.033825994283
51_21,3919.7795089588008
51_22,3625.2888196387753
51_23,2941.0669068852653
51_24,2739.9481166114956
51_25,1988.0833207955548
51_26,3667.711501921223
51_27,2387.606825856133
51_28,1583.3047696040103
51_29,2146.712591497988
51_30,3323.4817653416744
51_31,3363.304581188939
51_32,3509.3041763285787
51_33,3387.61893358453
51_34,3387.756970113558
51_35,2882.273161466558
51_36,2808.7370186038856
51_37,3883.4449920057523
51_38,1963.3480659095449
51_39,3618.3308109753034
51_40,2551.931011220217
51_41,3659.7579060905323
51_42,4232.1679528791365
51_43,2927.951562637943
51_44,3600.628000208604
51_45,2939.8549590382363
51_46,2991.6569538107565
51_47,4287.781902106972
51_48,3289.7196573376486
51_49,3196.499661717743
51_52,3052.1138521317093
51_53,2445.202988933983
51_54,3233.6762911119113
51_55,1842.7466888440508
52_5,1035.5903905414827
52_7,2323.2732300793914
52_9,457.0170618422455
52_10,3053.023375915283
52_11,3161.33147308789
52_12,3615.8845674638333
52_13,4837.996419353323
52_14,2666.549828602087
52_15,2039.738897831503
52_16,1766.7456878431567
52_17,0.0
52_18,2329.900475020419
52_19,3740.155494210618
52_20,2347.724755832773
52_21,3593.4629909378646
52_22,3225.154257395491
52_23,3344.266130029113
52_24,3791.9489294767054
52_25,3862.724045906564
52_26,2100.5856197743788
52_27,3412.6948090101364
52_28,2592.227724122123
52_29,1477.8588437028056
52_30,1610.5836384980294
52_31,3899.6432058554424
52_32,2790.1997571381007
52_33,3371.7968166191426
52_34,1951.6642011571096
52_35,3332.998220165083
52_36,2711.9345117416024
52_37,2471.841096266318
52_38,4676.959440294518
52_39,2510.516292098758
52_40,3097.5856964066065
52_41,3013.9191893246807
52_42,2682.7771746831268
52_43,2007.6424898262037
52_44,2692.096856450015
52_45,2627.1845941832007
52_46,3719.7725831730854
52_47,3604.4318937662592
52_48,4113.369886236412
52_49,2204.3873733407036
52_50,3299.748666891183
52_51,1748.1063219121068
52_52,2696.156179377352
52_53,3005.626494629365
52_54,3386.3423423547792
52_55,474.88434436033276
52_56,1246.5538662878248
53_6,1412.953011678974
53_8,1782.8063517406413
53_10,4129.623477545363
53_11,4363.137975682505
53_12,3982.9966369157246
53_13,3619.2660100813514
53_14,2907.233183783689
53_15,2940.8933239707712
53_16,2572.8852650411195
53_17,1391.1242702583977
53_18,1782.3220935998709
53_19,3185.002623430479
53_20,2375.792252013846
53_21,4266.401983792163
53_22,3500.2986113543116
53_23,2999.1571503542887
53_24,1665.481466087744
53_25,3707.2674575462056
53_26,2523.408747557283
53_27,3534.8882223910814
53_28,3167.7230676463073
53_29,3653.8415605560176
53_30,3729.2947453163556
53_31,3608.799864425006
53_32,2180.617747245836
53_33,3110.3715688601733
53_34,2926.3216377089166
53_35,2665.9558970903317
53_36,3423.853334882525
53_37,3589.6505696161844
53_38,3726.2849103607227
53_39,4639.05738444523
53_40,2514.036271240724
53_41,1942.8108605395455
53_43,0.0
53_44,1475.1264958801353
53_45,1425.8407435653996
53_46,1645.92289313336
53_47,2926.6617653475755
53_48,1319.2227844624667
53_49,2431.9305957871143
53_50,2223.5395410427186
53_52,1821.7358968964395
53_53,3679.8039396515637
53_54,3161.7999840256393
54_8,1009.7844704528807
54_10,2560.018081842749
54_11,2495.107579366338
54_12,3738.64648696319
54_13,3137.7897455686384
54_14,2669.665500426114
54_15,1998.158748751784
54_16,2831.084055608411
54_17,3043.4766357978992
54_18,2372.0896260958916
54_19,1872.778224666216
54_20,3725.25451271658
54_21,3063.082041245304
54_22,3962.8897588543173
54_23,3772.185641170486
54_24,5127.162894075353
54_25,5188.653510347361
54_26,3134.8005653648015
54_27,4408.457884249202
54_28,3235.6548456841156
54_29,3714.4857486082024
54_30,3378.3838038063113
54_31,4333.443798694305
54_32,1902.9604878176551
54_33,2988.4084948615914
54_34,3124.5845345916555
54_35,3775.6084446393
54_36,2258.4410380778463
54_37,3396.5701529454986
54_38,2980.6552659925196
54_39,3462.5802225532125
54_40,184.23261714703054
54_41,0.0
54_42,1510.358300320328
54_43,1000.2867707336602
54_44,1031.4384203710642
54_45,78.0943794335832
54_47,3351.199193764756
54_48,1049.850441944514
54_49,2975.1243729443986
54_50,3561.029039687483
54_54,4248.730717923552
54_55,1194.7001656885072
54_56,285.1554796493383
55_3,491.7911684810669
55_4,1371.6650596803736
55_8,1460.4600376961819
55_9,3969.4879592623884
55_11,1401.6290050982718
55_12,2867.5316859861105
55_13,3214.08922591215
55_14,2244.522039102957
55_15,1763.778495067938
55_16,2619.653542507023
55_17,2571.27460506559
55_18,3173.6297320149856
55_19,3024.574795306584
55_20,2942.089171683029
55_21,2289.023534030952
55_22,2973.084243923879
55_23,2447.478913244469
55_24,5257.24182149058
55_25,4706.599862642932
55_26,4540.897552310292
55_27,3985.2825149633645
55_28,2350.01420640437
55_29,4395.443223961992
55_30,3539.9745546676513
55_31,3084.3356271361663
55_32,1682.8479637090861
55_33,4510.067471929164
55_34,3517.512125911085
55_35,2694.5195867864786
55_36,2344.1226827737532
55_37,4952.589065506362
55_38,3628.4312185418694
55_39,3816.5572463097974
55_40,3169.5993204308133
55_42,3181.5382776307106
55_43,4068.5048703585667
55_44,3330.1426259520713
55_45,3750.871404334595
55_46,3635.3428003494014
55_47,3156.331053245491
55_48,2804.984882698787
55_49,3596.703479982475
55_50,2889.146850206492
55_51,516.8378034872765
55_54,1578.6176727296122
55_55,2753.66276530285
56_6,1918.2665344411846
56_7,1088.6598050900736
56_8,2638.2604082370485
56_9,4653.912054816598
56_10,2413.841825230475
56_11,1696.2493799944718
56_12,3580.261369105163
56_13,626.0568418574915
56_14,2464.0186936476407
56_15,3120.3117441662916
56_16,1806.5135544293946
56_17,1892.634390875642
56_18,707.7619426254274
56_19,2175.166456824737
56_20,3240.865620135542
56_21,3474.4215224915447
56_22,2662.176870536049
56_23,4133.198069162942
56_24,2911.5164201580324
56_25,4041.4336461835205
56_26,5748.080607461924
56_27,4865.335110968722
56_28,4282.446930870729
56_29,5114.820019696451
56_30,3757.012148976091
56_31,4003.9795270895434
56_32,2585.412312563799
56_33,3836.053905055082
56_34,3794.272578919009
56_35,2869.524684999183
56_36,3160.5879381749537
56_37,4409.6433287318
56_38,4835.504368919546
56_39,4445.475152936718
56_40,1512.29746759646
56_41,2821.3572569204816
56_42,3029.658782261213
56_45,3020.1578501898066
56_46,2069.7073408591104
56_47,2723.5199905398895
56_48,3830.3946631765093
56_49,3241.1579047738005
56_50,939.0574066409121
56_51,283.2902954595171
56_54,1029.7555624817292
57_2,709.562007921019
57_6,1214.0958195989601
57_7,3504.936796253733
57_8,1191.38090802705
57_9,3084.0722213694276
57_10,1824.9739771174825
57_12,4304.745370838667
57_13,2999.404893947109
57_14,1619.4607147838992
57_15,3682.6754623485954
57_16,3410.4971753919503
57_17,1980.4156737998903
57_18,661.3469357065711
57_20,3972.7055495432246
57_21,3720.6949070211335
57_22,4274.980423234583
57_23,4963.7191122961085
57_24,3082.8598843455957
57_25,3959.349963465686
57_26,4165.958990638786
57_27,4367.417934268923
57_28,2986.55401641055
57_29,4904.970032470262
57_30,2783.518224281294
57_31,1257.9247411042893
57_32,1283.2362640817157
57_33,3610.700629640005
57_34,4208.729927384514
57_35,3688.427610740871
57_36,2740.7599925972995
57_37,2225.0950660556273
57_38,4331.951610158973
57_39,4748.60602257905
57_40,3058.9698125499494
57_41,3479.3943539594
57_42,1863.8232337522657
57_44,561.767433402206
57_47,1390.4640685614877
57_48,3144.5390495018873
57_49,3912.863470784921
58_0,1758.2922951643714
58_1,3659.4097281370355
58_2,1449.813879858046
58_3,474.2518034006713
58_4,784.2307634914908
58_5,10.228225837932767
58_10,896.8293800317075
58_11,4055.721744389963
58_12,2509.4175878370615
58_13,2436.222886787681
58_14,3647.927873940903
58_15,3298.9646677820097
58_16,4000.027881600146
58_17,2667.427550568794
58_18,3195.1178940686464
58_20,2810.0573469239966
58_21,3362.972294591321
58_22,3450.9613027315468
58_23,4322.950062461302
58_24,4336.709530257465
58_25,3581.7071633356745
58_26,3718.505895138417
58_27,2534.6862119537077
58_28,2841.1555556147514
58_29,3501.2930956877103
58_30,3583.590551131209
58_31,1196.1763086301307
58_32,3613.8803114980647
58_33,4416.709791785959
58_34,3767.114602881739
58_35,3391.2511530107263
58_36,3221.626900526797
58_37,496.3377276080396
58_38,1696.5923129313485
58_39,2618.793417863919
58_40,2644.3734756437893
58_41,3560.4689503040568
58_48,1018.0876300742351
58_49,1803.5437447052382
59_1,38.005403703288714
59_4,0.0
59_5,1683.9100369889957
59_6,2111.8006287508397
59_10,1412.8603439127942
59_11,1172.6776613246525
59_13,116.35452012531411
59_14,1824.9523613375611
59_15,2282.0256993243547
59_16,4093.1013281415962
59_17,3672.262778227173
59_18,2980.548452097563
59_19,2043.0771325924338
59_21,1535.8082261116456
59_22,2548.8652465963783
59_23,3990.7088492701187
59_24,4945.113997733509
59_25,3696.4539245072037
59_26,3273.403730915206
59_27,1977.6416184305174
59_28,1176.811974091452
59_29,3283.463350508999
59_30,3852.0728307504623
59_31,130.92051100553758
59_32,2675.9722196120156
59_33,3096.492409958943
59_34,3917.5991297818778
59_35,4041.8087751237194
59_36,4477.605027157075
59_37,1279.3727008318892
59_38,1031.4547526799815
59_39,2642.93828527347
59_40,3298.738093775596
59_41,2352.1165982038838
59_42,1058.1095840861178
59_43,0.0
59_46,1013.4243460297947
59_47,1172.448926760678
59_48,1857.2516915545873
59_49,3035.7667152351573
60_4,1689.5369296276149
60_8,2003.8886424322482
60_11,721.4723361715673
60_13,966.750828435737
60_14,3035.707622843797
60_15,3217.3414846983496
60_16,2732.4430102868932
60_17,2468.9274576487346
60_18,2478.5823336770804
60_19,2666.0777062768866
60_20,2243.7503411639254
60_21,855.7457493097854
60_22,671.1920013194897
60_23,2988.668607211517
60_24,0.0
60_25,444.313896506117
60_26,978.9694519891742
60_27,952.2889636226879
60_28,3616.4353166089318
60_29,3193.9976548898294
60_30,4417.155580375997
60_31,396.1946557417409
60_32,2149.4574377218914
60_33,4124.264054021444
60_34,3305.7890869599937
60_35,3877.2023741917924
60_36,2498.1402610080995
60_37,1788.6503844444803
60_38,44.189898164418096
60_41,1238.2066126751993
60_44,928.1154041031245
60_47,0.0
61_5,3068.8736117412336
61_6,2919.234491244991
61_7,3706.0226046493876
61_8,2686.7803665710026
61_9,3179.566791576177
61_10,922.7463327327957
61_12,1723.7572034952318
61_13,2061.2726901498863
61_14,1021.4832449782588
61_15,505.0006898396057
61_16,0.0
61_18,1898.0752052572097
61_19,1948.7904357085483
61_20,1423.9110695590955
61_21,1033.2114757420077
61_22,1804.890251926832
61_23,1197.6594723784788
61_24,562.136102434471
61_26,1619.5850521059724
61_27,3353.8044423945676
61_28,2189.4176006599373
61_29,4296.675362602906
61_30,3813.295854407079
61_31,2721.229191177737
61_32,4238.416357131133
61_33,3840.541642593293
61_34,4225.03934342773
61_35,3854.459529876053
61_36,3109.0264769846735
61_37,2282.850108782646
61_42,799.6956661000113
61_44,1394.3471316935393
62_4,427.2000130337267
62_5,2263.543998045718
62_6,2465.659932301058
62_7,2883.523367865164
62_8,3685.0126942617817
62_9,3002.090772825101
62_11,709.6774373631422
62_12,1486.0550918384913
62_13,2641.646091405825
62_16,992.9951405634763
62_17,624.9172673980743
62_18,38.333341896402786
62_20,277.42296928439566
62_21,1171.4613356245768
62_22,2601.9000017198464
62_23,175.0111319719581
62_24,1047.6163438345834
62_26,3145.5289144470003
62_27,2860.450208606107
62_28,2904.980921426839
62_29,3009.776273391238
62_30,2535.565823519884
62_31,1679.8112858980126
62_32,3476.3022192575622
62_33,3875.7650133858037
62_34,2980.6801250957205
62_35,4398.479166962037
62_36,4086.0606907474835
62_37,1117.5845921027449
63_3,1398.0227451375688
63_6,1584.0353389792035
63_7,2000.539945251161
63_8,1725.0619665155964
63_9,2151.832734210533
63_13,1534.1123868586592
63_15,1304.4672702851535
63_16,1570.3382862632554
63_17,776.1844217938881
63_18,686.8757898507027
63_21,2454.213755358848
63_23,0.0
63_24,738.3735806943272
63_25,2663.6262817524143
63_26,1573.137891348118
63_27,3172.962683600729
63_28,3659.128944508554
63_29,3685.26594168607
63_30,2372.7805984685792
63_31,3597.8736764647883
63_32,4744.598602055055
63_33,4406.454594489181
63_34,2920.8862866857194
63_35,1994.588766803986
63_36,984.987864174817
64_8,1766.4075685390417
64_9,3144.580520682758
64_10,2919.0848661026766
64_11,552.4030989847961
64_12,0.0
64_14,1357.319951138551
64_17,1618.0167272038648
64_22,2335.514970394763
64_23,2555.7623141295776
64_24,2064.3778935873424
64_25,1964.2647152972277
64_26,1115.4761067184568
64_27,2796.2129308706512
64_28,3984.648224391964
64_29,4172.516813096754
64_30,3810.2757390894258
64_31,1988.7530378801027
64_32,3039.1166073329646
65_7,0.0
65_9,633.6242806739631
65_10,743.1330789033663
65_17,735.6647414964514
65_20,2104.3193870998143
65_21,3010.107019052906
65_22,3541.801037601315
65_23,3097.8501063887356
65_24,1503.0782830717023
65_25,1696.319783277113
65_26,2056.158221021081
65_27,1685.4190924874947
65_28,4787.80469461175
65_29,3563.5856316565423
65_30,3930.3143660468777
65_31,887.7927810325742
66_5,815.819982163106
66_9,663.2316749844762
66_10,392.4497767149137
66_13,1117.2779305335603
66_17,1194.2383324620582
66_22,2572.1625604468572
66_23,2477.916424559546
66_26,2821.4233613219144
66_28,1709.640490635989
66_29,3488.401114222992
66_30,2107.1713143439797
67_6,342.86517128990636
67_20,409.06492435520244
67_21,2504.928621459191
67_22,5003.93514496398
67_23,2144.2983239187724
67_24,2732.970996732824
67_26,3773.2415087263685
67_27,1121.7952965956338
67_28,1769.2563067760393
67_29,4770.053786436488
68_3,735.9239775677894
68_15,649.5663983967185
68_18,2034.0667292990329
68_19,828.2840783568806
68_21,261.70917238515284
68_22,3250.3309434870325
68_23,853.5730541551058
69_3,977.9664772177704
69_11,241.20157996478218
69_12,1307.664468461326
69_15,0.0
69_16,254.24872840425832
69_17,1717.2655146424293
69_18,2189.0868736196007
69_22,3850.656814599154
69_24,1980.9908518800585
70_9,630.6979066582
70_21,1561.0835595015985
70_22,2782.975017519414
71_7,991.3526498460062
71_12,1139.5150251119853
71_16,1103.9174842668685
71_21,322.6292004519204
72_7,1316.2879893626098
72_12,694.8122480960642
72_14,1382.7485997344813
72_15,1505.9664573627165
72_19,2264.466314653729
72_20,147.8276495311658
73_4,1738.1181781170988
73_9,2164.379406307539
73_13,484.93939807703134
74_9,3023.2393725343836
74_18,1092.9306111111362
74_22,430.5002442630781
75_8,2303.8807723060054
75_9,3070.3236555537137
75_10,3563.47298947954
75_11,1795.707630406085
75_19,451.37779118152815
75_20,2755.887477372886
75_21,1963.2815104912434
76_7,683.9738792975718
76_9,2820.5950866826493
76_10,2474.072776888163
76_13,566.7264526803924
76_14,743.7811365747173
76_20,4186.231947082219
76_21,692.6347616962541
77_7,1983.779718188533
77_8,1911.8411800255833
77_19,890.97342968594
77_20,237.65012400543458
78_8,891.003160138779
78_9,668.89426301611
78_17,54.68613135985804
79_20,724.3382994954889
79_23,897.3482269175402
80_12,952.1175670666946
80_13,0.0
80_15,519.7866398987201
80_20,1210.0141111001954
80_24,720.9654414779958
81_15,1107.9110166408004
81_19,2310.938023076074
82_10,525.8646337417249
82_11,1092.3780071646408
82_12,2528.152322975675
82_13,2074.222572160727
82_14,4436.202867216664
82_15,2536.107876163805
82_16,2257.438197237595
82_18,1090.4708919504203
82_19,2146.080635016894
83_9,2936.7805686378065
83_10,2899.1524006148456
83_11,2165.938997117347
83_12,3158.2593585445925
83_13,1253.9884291940102
83_14,598.8859125457989
83_15,4115.664650151937
83_18,621.7861082496331
83_19,922.2249115499204
83_20,1087.3779073061264
83_23,209.311426796508
84_8,545.4920202471919
84_10,1396.7471018042584
84_11,2023.849272390294
84_12,2405.263115519764
84_13,2733.9008730066266
84_14,2159.8023840820156
84_15,4608.691471375494
84_16,614.2597517440641
84_18,586.5832164583574
84_23,669.9841929683062
85_9,1279.9422063388774
85_10,1768.3769218402504
85_11,3199.564396707854
85_12,3287.001340489538
85_13,2597.478135757665
85_14,3345.32597403155
85_15,4043.809193883351
85_16,1674.1900436195788
85_18,1074.1093184461465
86_9,1532.972642017857
86_10,2506.1456235595538
86_11,2237.970214549461
86_12,3776.491513761297
86_13,3744.7337725386624
86_14,3874.849755777852
86_15,3691.7434041170263
86_16,4194.072205815555
86_17,4614.964526213742
86_18,2121.611205935667
86_21,1173.0326808489515
86_22,913.1382934609227
87_7,1687.7855193054977
87_8,3371.7008785742614
87_9,1559.7658613481944
87_10,3178.0487503444006
87_11,2952.010701239277
87_12,5066.533347589846
87_13,4149.02698125134
87_14,4360.965810855535
87_15,5963.08454373131
87_16,1170.968040353287
87_17,3706.3579207838825
87_18,1550.2995815005736
87_19,2421.1358188206973
88_6,720.2656563655163
88_7,1715.829242337279
88_8,1745.1731100780994
88_9,3492.6850212810186
88_10,4218.403948059108
88_11,2931.5319920923644
88_12,3660.128792244702
88_13,5260.400194338574
88_14,5039.748840704037
88_15,5989.465536608742
88_16,2496.619397994449
88_17,1900.9920022745089
88_18,708.0452952444869
88_19,1790.105396097265
88_20,2114.652394268084
89_4,84.3345888688673
89_5,2535.6397890376847
89_6,2629.528607156099
89_7,1273.8191437616224
89_8,3371.8908565577517
89_9,3844.1188586523795
89_10,3990.1273304183433
89_11,2951.7839216266193
89_12,1801.8494305831066
89_13,4525.815733596097
89_14,5589.263697476408
89_15,5780.370389015959
89_16,3993.374151463768
89_17,2066.505046325059
89_18,521.2249264582415
89_20,957.834564312091
89_21,1331.0384201223817
89_22,446.76246547651215
89_23,808.5995629080363
90_8,2034.8051696910463
90_9,2928.933397743694
90_10,1130.321662801594
90_12,1509.9769242939806
90_13,3047.3453607325223
90_14,4800.616908373139
90_15,2469.59199012682
90_16,7143.5175527827905
90_17,5757.074172015338
90_18,2371.8011698489686
90_19,1998.8866714750786
90_20,825.4944506974474
90_21,1007.0837674094304
90_22,3252.395219122416
90_23,1031.9628621572012
90_24,625.694753261167
90_26,1188.5684578125881
91_7,2779.7602189745944
91_8,3382.577420863086
91_9,2866.9976795388934
91_10,1503.1041008475595
91_11,3300.3373956375917
91_12,3436.0057069551635
91_13,4701.497176721543
91_14,3725.4310407560097
91_15,6946.863861748286
91_16,8298.58957099312
91_17,3609.1813832943635
91_18,5191.680761005902
91_19,5856.290951066861
91_20,2408.3923452935896
91_21,1771.0264776333288
91_22,623.699033229706
91_23,996.1232391262351
91_24,1442.5792923160443
91_25,3686.11639856025
92_8,5273.260670125553
92_9,2420.857596051484
92_10,1189.6259661595927
92_11,3378.1853963284293
92_12,4614.45751309633
92_13,3785.127790789761
92_14,3403.588508019499
92_15,4280.796578416273
92_16,6356.292649402648
92_17,3717.6744221381705
92_18,6204.8378152106225
92_19,6358.249193304844
92_20,4858.33043466005
92_21,4513.0994893397055
92_22,3153.512175596315
92_23,1578.0741573407147
93_7,6316.845587281566
93_9,2099.7607937517027
93_10,257.04125242497736
93_11,3100.7157882760175
93_12,1723.3242683517558
93_13,6274.657013467001
93_14,5403.960319055523
93_15,2676.8517300453186
93_16,4408.220839979818
93_17,5408.938251607069
93_18,5312.477900723682
93_19,5931.755959629151
93_20,3782.338492703996
93_21,5311.40471585816
93_22,4380.802128614869
93_23,3557.0912922096045
94_6,4685.902630308439
94_7,4194.796191118923
94_8,3531.4511036285367
94_9,3135.3377716486234
94_10,3555.9071194818594
94_11,2982.353119757554
94_12,4909.3287787463205
94_13,3863.9168216687517
94_14,4679.9017594364295
94_15,4478.719986054179
94_16,3599.9381619391215
94_17,4196.757150741418
94_18,4733.754998918711
94_19,5628.354194873344
94_20,2134.8819728743733
94_21,4501.91148165224
94_22,3370.3899590897695
94_23,3676.373898795924
95_7,4975.014083529196
95_8,3109.496706302774
95_9,4838.499633438464
95_10,4944.712955856687
95_11,6969.626174464788
95_12,3628.779761026137
95_13,5431.716458953994
95_14,5459.215489676767
95_15,3904.0107225927163
95_16,3189.0850987443396
95_17,3487.3908263750036
95_18,2989.6971595226278
95_19,3865.8008894080513
95_20,4401.556015427602
95_21,4461.918287987074
95_22,4159.254090852396
95_23,2882.969347685781
96_7,4364.996073286733
96_8,3123.535379211276
96_9,4126.546148332152
96_10,4706.673634099639
96_11,5818.925991364381
96_12,4409.76008702965
96_13,4113.139893230104
96_14,5530.768750847104
96_15,4776.577318546801
96_16,3173.32080744352
96_17,2874.274355133396
96_18,4001.457344817998
96_19,3934.519950649115
96_20,4619.85204691293
96_21,3712.2767995544377
96_22,3257.9310700138717
96_23,2854.7851636828304
96_24,1508.1825367370682
97_8,2289.207428792331
97_9,3526.397692230419
97_10,3198.0300962839233
97_11,1422.4713868880217
97_12,3413.6363467552706
97_13,3959.1940544887207
97_14,4918.877732505865
97_15,5095.255976610219
97_16,3131.995043960248
97_17,3038.840464129415
97_18,4062.7360677672777
97_19,2830.794191096901
97_20,3764.4686651565808
97_21,3536.854923797962
97_22,2586.720578205591
97_23,2429.943036952205
97_24,2517.7969780958256
97_25,2556.0736843742866
98_7,2856.998745533946
98_8,1475.3142880166054
98_9,4892.074469390386
98_10,3086.472555420516
98_11,2722.4211658159224
98_12,6098.046145777214
98_13,3830.9864545803075
98_14,4480.769463401248
98_15,4680.636879685415
98_16,4167.82938018355
98_17,3172.673130333588
98_18,3715.299977430736
98_19,4967.6013051417885
98_20,4875.28866650732
98_21,3207.056933697817
98_22,2187.3536152556085
98_23,4064.0390710170236
98_24,1629.041997201812
98_25,3265.054010001419
99_7,1722.1024506338417
99_8,3124.1309485913807
99_9,1781.3837815979123
99_10,1095.1439270694564
99_11,3542.8287308623826
99_12,4790.923965439278
99_13,5292.153871469569
99_14,6457.472617626364
99_15,3708.1029386771256
99_16,6330.468655616618
99_17,5291.779455122
99_18,3946.3812637788315
99_19,3622.8562580680677
99_20,3941.4093917449322
99_21,4777.204950482236
99_22,2992.264347740859
99_23,4776.666646136904
99_24,2693.583553079306
99_25,3437.544127084366
100_6,498.09987137023495
100_7,4162.067322536953
100_8,5499.880157324939
100_9,3910.9642771927333
100_10,734.3047188418562
100_11,2987.218971597596
100_12,3132.1728891823514
100_13,6076.937244038732
100_14,7210.593013355173
100_15,5039.741203245474
100_16,6899.918849475846
100_17,4756.826813146669
100_18,3457.3703778263384
100_19,3363.869551060843
100_20,3942.6534512927537
100_21,4060.7272116336753
100_22,1059.9640464494264
100_23,2193.4170384726976
101_8,2182.2449436587517
101_9,3954.452527035655
101_10,3562.515048985025
101_11,1653.0021233983343
101_12,1211.0116946679632
101_13,5332.4692847527485
101_14,6253.440775584827
101_15,6546.833200908209
101_16,6381.511403490391
101_17,2392.7774472887954
101_18,3943.72475570767
101_19,4367.4292691169885
101_20,2631.7717582379564
101_21,4207.1777933735075
101_22,1277.6342085045378
101_23,978.7719192214806
101_24,2468.3544205660105
101_25,517.6409762652233
102_8,1367.3272345797586
102_9,3945.4175617988235
102_10,3620.5998050627854
102_11,4191.73123973618
102_12,4575.402396318933
102_13,2640.8804255735813
102_14,2211.729529628585
102_15,4890.066576639902
102_16,4462.279657348667
102_17,2857.92313088017
102_18,2430.068706891164
102_19,2107.290591443863
102_20,5336.151305272891
102_21,4203.719686754581
102_22,1555.1058691495323
102_23,1245.725048975919
103_8,657.6838674028013
103_9,1725.018811867383
103_10,3692.3147946704835
103_11,4135.4520428568785
103_12,3827.119131592403
103_13,2549.0716539987006
103_14,1892.2219464970403
103_15,2775.0764531380814
103_16,2768.692236757123
103_17,3591.596007653466
103_18,2820.935671829723
103_19,3559.2870641610157
103_20,3757.071526643956
103_21,1263.288017563002
103_22,2138.6112339499455
103_23,130.66876428769535
104_9,744.0311110187972
104_10,1738.3496356442347
104_11,2642.756898092855
104_12,3202.960708211107
104_13,4262.999500134321
104_14,1975.4270277463122
104_15,1478.7917457257136
104_16,2014.334384416341
104_17,4101.895273052667
104_18,3754.0635872309476
104_19,3240.1063287830607
105_12,3590.215799225901
105_13,1494.3282897274455
105_14,310.9344127984602
105_16,525.7785541248066
105_17,1619.3812394113347
105_18,2059.838717191831
105_19,2375.4587261656807
106_18,1065.7785726650998
