grid_id,connectivity
0_52,1.5714285714285714
0_53,3.0
100_10,1.5454545454545454
100_11,1.8
100_12,1.358974358974359
100_13,1.5342465753424657
100_14,1.4631578947368422
100_15,1.6415094339622642
100_16,1.4234234234234233
100_17,1.5614035087719298
100_18,1.2083333333333333
100_19,1.4285714285714286
100_20,1.6136363636363635
100_21,1.6
100_22,2.0
100_23,1.6428571428571428
100_6,2.0
100_7,1.6486486486486487
100_8,1.4246575342465753
100_9,1.3777777777777778
101_10,1.35
101_11,1.5
101_12,2.0
101_13,1.578125
101_14,1.3846153846153846
101_15,1.5866666666666667
101_16,1.63013698630137
101_17,1.6551724137931034
101_18,1.3958333333333333
101_19,1.3461538461538463
101_20,1.393939393939394
101_21,1.4883720930232558
101_22,1.8571428571428572
101_23,1.3846153846153846
101_24,1.3333333333333333
101_25,0.0
101_8,1.6842105263157894
101_9,1.3181818181818181
102_10,1.4634146341463414
102_11,1.3137254901960784
102_12,1.3818181818181818
102_13,1.28125
102_14,1.4375
102_15,1.411764705882353
102_16,1.5084745762711864
102_17,1.3953488372093024
102_18,1.4736842105263157
102_19,1.5294117647058822
102_20,1.606060606060606
102_21,1.4814814814814814
102_22,1.8461538461538463
102_23,2.5
102_8,1.5
102_9,1.4222222222222223
103_10,1.3157894736842106
103_11,1.2131147540983607
103_12,1.42
103_13,1.2666666666666666
103_14,1.380952380952381
103_15,1.3333333333333333
103_16,1.5357142857142858
103_17,1.5227272727272727
103_18,1.4
103_19,1.275
103_20,1.380952380952381
103_21,1.125
103_22,1.7777777777777777
103_23,0.0
103_8,2.5
103_9,1.7222222222222223
104_10,1.8
104_11,1.68
104_12,1.368421052631579
104_13,1.1864406779661016
104_14,1.4375
104_15,1.2352941176470589
104_16,1.7272727272727273
104_17,1.4666666666666666
104_18,1.3658536585365855
104_19,1.6666666666666667
104_9,3.0
105_12,1.3870967741935485
105_13,2.6666666666666665
105_14,3.0
105_16,0.0
105_17,1.5833333333333333
105_18,1.2941176470588236
105_19,1.72
106_18,4.0
10_18,1.4705882352941178
10_19,1.4444444444444444
10_20,1.71875
10_21,1.6
10_22,1.2777777777777777
10_23,1.3243243243243243
10_24,1.5666666666666667
10_25,1.4814814814814814
10_26,1.4761904761904763
10_27,1.2439024390243902
10_28,1.4230769230769231
10_29,1.4
10_30,1.4444444444444444
10_31,1.4772727272727273
10_32,2.0
10_33,1.4193548387096775
10_34,1.4583333333333333
10_35,3.0
10_36,1.3513513513513513
10_37,1.6470588235294117
10_38,1.6585365853658536
10_39,1.59375
10_40,1.6666666666666667
10_41,1.4444444444444444
10_42,1.5
10_43,1.4166666666666667
10_44,1.5384615384615385
10_45,1.375
10_46,1.7142857142857142
10_47,3.0
10_48,2.4545454545454546
10_49,1.5
10_50,1.7777777777777777
10_51,1.8181818181818181
10_52,1.7413793103448276
10_53,1.775
10_54,1.5925925925925926
10_55,1.6470588235294117
10_56,1.5833333333333333
10_57,1.625
10_58,1.6129032258064515
10_59,1.606060606060606
10_60,1.2758620689655173
10_61,1.7727272727272727
10_62,1.8571428571428572
10_63,2.0
10_64,1.6666666666666667
11_20,1.9285714285714286
11_21,1.7333333333333334
11_22,1.368421052631579
11_23,1.4333333333333333
11_24,1.4411764705882353
11_25,1.7777777777777777
11_26,1.4324324324324325
11_27,1.2352941176470589
11_28,1.380952380952381
11_29,1.631578947368421
11_30,1.7941176470588236
11_31,1.6129032258064515
11_32,1.4
11_33,2.0
11_34,1.5609756097560976
11_35,1.5714285714285714
11_36,2.142857142857143
11_37,1.3428571428571427
11_38,1.5
11_39,1.4857142857142858
11_40,1.2727272727272727
11_41,1.5263157894736843
11_42,1.2692307692307692
11_43,1.7297297297297298
11_44,1.7142857142857142
11_45,1.3076923076923077
11_46,1.4705882352941178
11_47,1.6153846153846154
11_48,1.793103448275862
11_49,1.5151515151515151
11_50,1.6285714285714286
11_51,1.5098039215686274
11_52,1.7045454545454546
11_53,1.9148936170212767
11_54,1.7941176470588236
11_55,1.875
11_56,4.0
11_57,1.619047619047619
11_58,1.5517241379310345
11_59,1.826086956521739
11_60,1.9
11_61,1.5714285714285714
11_62,1.7241379310344827
11_63,1.7142857142857142
11_64,1.7741935483870968
12_19,0.0
12_20,0.0
12_21,1.4827586206896552
12_22,1.8333333333333333
12_23,1.9230769230769231
12_24,1.6511627906976745
12_25,1.4827586206896552
12_26,1.4285714285714286
12_27,1.3
12_28,1.6785714285714286
12_29,1.619047619047619
12_30,1.75
12_31,1.7391304347826086
12_32,1.5405405405405406
12_33,2.1666666666666665
12_34,1.5384615384615385
12_35,1.5185185185185186
12_36,1.9333333333333333
12_37,1.275
12_38,1.25
12_39,1.4285714285714286
12_40,1.4
12_41,1.3658536585365855
12_42,1.3421052631578947
12_43,1.5217391304347827
12_44,1.5862068965517242
12_45,1.631578947368421
12_46,1.8
12_47,1.95
12_48,1.7586206896551724
12_49,1.6363636363636365
12_50,1.4705882352941178
12_51,1.5483870967741935
12_52,1.6666666666666667
12_53,1.72
12_54,1.6551724137931034
12_55,1.4878048780487805
12_56,2.0526315789473686
12_57,1.6571428571428573
12_58,1.7567567567567568
12_59,2.130434782608696
12_60,1.7083333333333333
12_61,1.7272727272727273
12_62,1.7142857142857142
12_63,1.302325581395349
12_64,1.9
12_65,2.6666666666666665
13_20,0.0
13_21,2.2
13_22,1.625
13_23,1.5
13_24,1.5106382978723405
13_25,2.0
13_26,1.4615384615384615
13_27,1.5161290322580645
13_28,1.5454545454545454
13_29,1.6071428571428572
13_30,1.6428571428571428
13_31,1.4736842105263157
13_32,1.6111111111111112
13_33,2.0
13_34,1.6511627906976745
13_35,1.5789473684210527
13_36,1.5714285714285714
13_37,1.2333333333333334
13_38,1.5217391304347827
13_39,1.76
13_40,1.7586206896551724
13_41,1.5
13_42,1.375
13_43,1.4
13_44,1.4318181818181819
13_45,1.6097560975609757
13_46,1.826086956521739
13_47,1.7241379310344827
13_48,1.75
13_49,1.5128205128205128
13_50,1.8181818181818181
13_51,1.4482758620689655
13_52,1.5
13_53,1.5789473684210527
13_54,1.4193548387096775
13_55,3.0
13_56,1.6896551724137931
13_57,1.8064516129032258
13_58,2.125
13_59,1.6538461538461537
13_60,1.6666666666666667
13_61,2.5
13_62,1.8235294117647058
13_63,1.44
14_21,3.0
14_22,1.75
14_23,1.4444444444444444
14_24,1.5
14_25,1.5454545454545454
14_26,1.4545454545454546
14_27,1.5789473684210527
14_28,1.475
14_29,1.6521739130434783
14_30,1.7142857142857142
14_31,1.5333333333333334
14_32,1.5
14_33,1.5333333333333334
14_34,1.8125
14_35,1.3513513513513513
14_36,1.8333333333333333
14_37,1.608695652173913
14_38,1.7096774193548387
14_39,1.7692307692307692
14_40,1.725
14_41,1.4857142857142858
14_42,1.5
14_43,1.457142857142857
14_44,1.4615384615384615
14_45,1.6538461538461537
14_46,1.3157894736842106
14_47,1.5294117647058822
14_48,1.5555555555555556
14_49,1.5365853658536586
14_50,1.42
14_51,1.75
14_52,1.5185185185185186
14_53,1.64
14_54,1.6923076923076923
14_55,2.142857142857143
14_56,1.896551724137931
14_57,1.78125
14_58,2.076923076923077
14_59,1.7037037037037037
14_60,1.6818181818181819
14_61,1.8181818181818181
14_62,1.75
14_63,0.0
15_23,1.25
15_24,1.7058823529411764
15_25,1.5263157894736843
15_26,1.394736842105263
15_27,1.3793103448275863
15_28,1.736842105263158
15_29,1.5625
15_30,1.8
15_31,1.7272727272727273
15_32,2.0
15_33,1.4444444444444444
15_34,1.78125
15_35,1.8409090909090908
15_36,1.6666666666666667
15_37,1.6451612903225807
15_38,1.7894736842105263
15_39,2.0
15_40,1.5454545454545454
15_41,1.4705882352941178
15_42,1.457142857142857
15_43,1.5
15_44,1.4705882352941178
15_45,1.8235294117647058
15_46,1.15625
15_47,1.5454545454545454
15_48,1.7
15_49,1.5
15_50,1.6785714285714286
15_51,1.72
15_52,1.54
15_53,1.6
15_54,2.2
15_55,1.8205128205128205
15_56,1.8928571428571428
15_57,1.434782608695652
15_58,1.7777777777777777
15_59,1.75
15_60,1.9047619047619047
15_61,1.7272727272727273
15_62,3.0
16_20,1.1428571428571428
16_21,2.0
16_23,1.6818181818181819
16_24,1.4705882352941178
16_25,1.5128205128205128
16_26,1.3488372093023255
16_27,1.7692307692307692
16_28,1.457142857142857
16_29,1.5
16_30,1.4166666666666667
16_31,1.5675675675675675
16_32,1.5609756097560976
16_33,1.7058823529411764
16_34,2.0
16_35,1.6363636363636365
16_36,1.7560975609756098
16_37,1.6666666666666667
16_38,2.0
16_39,1.7428571428571429
16_40,1.9333333333333333
16_41,1.6666666666666667
16_42,1.5555555555555556
16_43,1.446808510638298
16_44,1.588235294117647
16_45,1.5
16_46,1.3636363636363635
16_47,1.565217391304348
16_48,1.5789473684210527
16_49,1.4705882352941178
16_50,1.78125
16_51,1.6216216216216217
16_52,1.4318181818181819
16_53,1.6923076923076923
16_54,1.375
16_55,1.7
16_56,1.5806451612903225
16_57,1.8235294117647058
16_58,1.5517241379310345
16_59,1.7777777777777777
16_60,2.25
16_61,2.0
17_19,1.75
17_20,1.3409090909090908
17_21,1.303030303030303
17_22,1.6
17_23,1.75
17_24,1.4666666666666666
17_25,1.4594594594594594
17_26,1.4736842105263157
17_27,1.6538461538461537
17_28,1.564102564102564
17_29,1.9090909090909092
17_30,1.411764705882353
17_31,1.5
17_32,1.4814814814814814
17_33,1.4193548387096775
17_34,1.8333333333333333
17_35,1.5555555555555556
17_36,1.9285714285714286
17_37,1.9
17_38,1.4
17_39,1.45
17_40,1.575
17_41,1.7058823529411764
17_42,1.875
17_43,1.4722222222222223
17_44,1.4838709677419355
17_45,1.290909090909091
17_46,1.5357142857142858
17_47,1.4705882352941178
17_48,1.5681818181818181
17_49,1.7647058823529411
17_50,1.5789473684210527
17_51,1.565217391304348
17_52,1.434782608695652
17_53,1.3
17_54,1.875
17_55,1.5
17_56,1.5588235294117647
17_57,1.4615384615384615
17_58,1.4651162790697674
17_59,1.7142857142857142
17_60,0.0
18_19,3.0
18_20,1.8125
18_21,1.5714285714285714
18_22,2.1538461538461537
18_23,1.85
18_24,1.3428571428571427
18_25,1.65
18_26,1.56
18_27,1.7083333333333333
18_28,1.6470588235294117
18_29,1.4285714285714286
18_30,1.565217391304348
18_31,1.5806451612903225
18_32,1.6666666666666667
18_33,1.55
18_34,1.45
18_35,1.2835820895522387
18_36,1.6333333333333333
18_37,1.5
18_38,1.380952380952381
18_39,1.6956521739130435
18_40,1.509090909090909
18_41,1.7
18_42,1.4166666666666667
18_43,1.4761904761904763
18_44,1.2285714285714286
18_45,1.4242424242424243
18_46,1.5869565217391304
18_47,1.3478260869565217
18_48,1.575
18_49,1.5517241379310345
18_50,1.4411764705882353
18_51,1.606060606060606
18_52,1.3777777777777778
18_53,1.3461538461538463
18_54,1.4545454545454546
18_55,2.1666666666666665
18_56,1.5833333333333333
18_57,1.6857142857142857
18_58,1.7
18_59,1.6428571428571428
18_60,3.0
19_20,2.25
19_21,1.4761904761904763
19_22,1.6666666666666667
19_23,1.4838709677419355
19_24,1.7142857142857142
19_25,1.5833333333333333
19_26,1.5555555555555556
19_27,1.4838709677419355
19_28,1.32
19_29,1.4166666666666667
19_30,3.2
19_31,1.5
19_32,1.3529411764705883
19_33,1.2857142857142858
19_34,1.4666666666666666
19_35,1.3793103448275863
19_36,1.5897435897435896
19_37,1.6666666666666667
19_38,1.5
19_39,1.7222222222222223
19_40,1.6176470588235294
19_41,1.6818181818181819
19_42,1.6875
19_43,1.469387755102041
19_44,1.8235294117647058
19_45,1.7391304347826086
19_46,1.875
19_47,1.8636363636363635
19_48,2.0869565217391304
19_49,1.6774193548387097
19_50,1.6666666666666667
19_51,1.3
19_52,1.3888888888888888
19_53,1.9166666666666667
19_54,2.2857142857142856
19_55,1.7692307692307692
19_56,1.434782608695652
19_57,1.6111111111111112
19_58,1.6206896551724137
19_59,1.4634146341463414
19_60,1.5151515151515151
19_61,2.75
1_52,1.8
1_53,1.28125
1_57,1.7777777777777777
20_21,1.6818181818181819
20_22,1.4285714285714286
20_23,1.3170731707317074
20_24,1.4782608695652173
20_25,1.6
20_26,1.3928571428571428
20_27,1.8333333333333333
20_28,1.2727272727272727
20_29,1.7692307692307692
20_30,1.6956521739130435
20_31,1.36
20_32,1.5238095238095237
20_33,1.3333333333333333
20_34,1.3125
20_35,1.5625
20_36,1.7307692307692308
20_37,1.46
20_38,1.4615384615384615
20_39,1.7142857142857142
20_40,1.3488372093023255
20_41,1.7
20_42,1.7241379310344827
20_43,1.3934426229508197
20_44,1.6923076923076923
20_45,1.5
20_46,1.5526315789473684
20_47,1.696969696969697
20_48,1.6428571428571428
20_49,1.6
20_50,1.7
20_51,1.75
20_52,1.7096774193548387
20_53,1.6764705882352942
20_54,1.5
20_55,2.3333333333333335
20_56,1.56
20_57,1.5454545454545454
20_58,1.4285714285714286
20_59,1.5945945945945945
20_60,1.4523809523809523
20_61,1.7
21_21,1.4705882352941178
21_22,1.4423076923076923
21_23,1.7209302325581395
21_24,1.380952380952381
21_25,1.5357142857142858
21_26,1.5625
21_27,1.7037037037037037
21_28,1.6666666666666667
21_29,1.35
21_30,1.5
21_31,1.4705882352941178
21_32,1.8
21_33,1.75
21_34,1.8421052631578947
21_35,1.4583333333333333
21_36,1.6521739130434783
21_37,1.4482758620689655
21_38,1.3333333333333333
21_39,1.5294117647058822
21_40,1.509090909090909
21_41,1.7826086956521738
21_42,1.6842105263157894
21_43,1.8
21_44,1.393939393939394
21_45,1.48
21_46,1.5517241379310345
21_47,1.6
21_48,1.8666666666666667
21_49,2.272727272727273
21_50,1.8235294117647058
21_51,1.8333333333333333
21_52,1.4848484848484849
21_53,1.8
21_54,1.35
21_55,1.6521739130434783
21_56,1.7692307692307692
21_57,1.2162162162162162
21_58,1.4285714285714286
21_59,1.4375
21_60,1.302325581395349
21_61,1.4166666666666667
22_21,1.5
22_22,1.5588235294117647
22_23,1.5263157894736843
22_24,1.5263157894736843
22_25,1.8
22_26,2.4
22_27,1.4285714285714286
22_28,1.4057971014492754
22_29,1.5757575757575757
22_30,1.3783783783783783
22_31,1.34375
22_32,1.4615384615384615
22_33,1.3
22_34,1.1875
22_35,1.7777777777777777
22_36,1.8181818181818181
22_37,1.5128205128205128
22_38,1.5
22_39,1.6
22_40,1.4615384615384615
22_41,1.375
22_42,1.4883720930232558
22_43,1.4651162790697674
22_44,1.4146341463414633
22_45,1.2777777777777777
22_46,2.75
22_47,1.608695652173913
22_48,1.5789473684210527
22_49,1.5238095238095237
22_50,1.5555555555555556
22_51,1.5185185185185186
22_52,1.8
22_53,1.6458333333333333
22_54,1.4782608695652173
22_55,1.5263157894736843
22_56,2.1666666666666665
22_57,1.4736842105263157
22_58,1.44
22_59,1.65625
22_60,1.3255813953488371
22_61,4.5
23_12,1.28
23_13,2.3333333333333335
23_22,1.6071428571428572
23_23,1.5833333333333333
23_24,1.3846153846153846
23_25,1.8333333333333333
23_26,1.6
23_27,1.6470588235294117
23_28,1.5588235294117647
23_29,1.6551724137931034
23_30,1.4130434782608696
23_31,1.4
23_32,1.4864864864864864
23_33,1.4827586206896552
23_34,2.0
23_35,1.3333333333333333
23_37,1.2708333333333333
23_38,1.5
23_39,2.0
23_40,1.65
23_41,1.6341463414634145
23_42,1.4210526315789473
23_43,1.4761904761904763
23_44,1.5151515151515151
23_45,1.8181818181818181
23_46,1.6666666666666667
23_47,1.380952380952381
23_48,1.6774193548387097
23_49,1.5208333333333333
23_50,1.3214285714285714
23_51,1.435897435897436
23_52,1.5384615384615385
23_53,1.4761904761904763
23_54,1.3421052631578947
23_55,1.5
23_56,1.5714285714285714
23_57,1.4242424242424243
23_58,1.5
23_59,1.7333333333333334
23_60,2.0
24_12,1.3488372093023255
24_13,1.4074074074074074
24_19,3.5
24_22,1.9230769230769231
24_23,1.588235294117647
24_24,1.2857142857142858
24_25,1.35
24_26,1.68
24_27,1.4523809523809523
24_28,1.4473684210526316
24_29,1.5
24_30,1.3333333333333333
24_31,1.46875
24_32,1.4583333333333333
24_33,1.4166666666666667
24_34,1.9
24_35,1.5
24_36,1.4871794871794872
24_37,1.2857142857142858
24_38,1.5294117647058822
24_39,1.631578947368421
24_40,1.8571428571428572
24_41,1.45
24_42,1.34375
24_43,2.25
24_44,1.5263157894736843
24_45,1.8611111111111112
24_46,1.4565217391304348
24_47,1.4761904761904763
24_48,1.4333333333333333
24_49,1.7419354838709677
24_50,1.5
24_51,5.0
24_52,1.7692307692307692
24_53,1.6666666666666667
24_54,1.6129032258064515
24_55,1.3902439024390243
24_56,2.625
24_57,5.0
24_58,1.3571428571428572
24_59,2.0
24_60,2.8
24_61,1.7142857142857142
24_62,0.0
25_10,1.6153846153846154
25_11,1.4722222222222223
25_12,1.2105263157894737
25_13,2.6
25_18,2.75
25_19,2.5
25_20,2.0
25_21,1.7777777777777777
25_22,2.0833333333333335
25_23,2.0952380952380953
25_24,1.5714285714285714
25_25,1.4857142857142858
25_26,1.8085106382978724
25_27,1.68
25_28,1.7272727272727273
25_29,1.8
25_30,1.4523809523809523
25_31,1.625
25_32,1.7647058823529411
25_33,1.875
25_34,1.5
25_35,1.5
25_36,1.7142857142857142
25_37,1.3333333333333333
25_38,1.5454545454545454
25_39,1.4166666666666667
25_40,1.9523809523809523
25_41,1.56
25_42,1.4838709677419355
25_43,1.7777777777777777
25_44,1.9166666666666667
25_45,1.75
25_46,1.6326530612244898
25_47,1.7037037037037037
25_48,1.5789473684210527
25_49,1.4285714285714286
25_50,1.5172413793103448
25_51,1.631578947368421
25_52,1.4666666666666666
25_53,1.7222222222222223
25_54,1.3055555555555556
25_55,1.105263157894737
25_56,7.0
25_57,2.0
25_58,2.75
25_59,2.0
25_60,1.6111111111111112
25_61,1.6590909090909092
25_62,1.3333333333333333
26_10,1.446808510638298
26_11,1.4516129032258065
26_12,1.5357142857142858
26_13,1.2321428571428572
26_14,1.25
26_18,1.3421052631578947
26_19,1.3636363636363635
26_20,1.7391304347826086
26_21,1.2045454545454546
26_22,1.5294117647058822
26_23,1.6818181818181819
26_24,1.4074074074074074
26_25,1.4807692307692308
26_26,1.5862068965517242
26_27,2.3333333333333335
26_28,4.0
26_29,1.4827586206896552
26_30,1.528301886792453
26_31,1.4
26_32,1.6
26_33,2.4285714285714284
26_34,1.7058823529411764
26_35,1.5833333333333333
26_36,2.090909090909091
26_37,1.6
26_38,1.619047619047619
26_39,1.48
26_40,1.5588235294117647
26_41,1.52
26_42,1.3269230769230769
26_43,1.5945945945945945
26_44,1.4090909090909092
26_45,1.4333333333333333
26_46,1.4285714285714286
26_47,1.64
26_48,1.8636363636363635
26_49,1.7619047619047619
26_50,1.6923076923076923
26_51,2.5
26_52,2.4
26_53,1.7567567567567568
26_54,1.5555555555555556
26_55,1.4705882352941178
26_56,1.8055555555555556
26_57,1.5714285714285714
26_58,1.5
26_59,1.5
26_60,1.5510204081632653
26_61,1.4166666666666667
26_62,1.2666666666666666
26_63,1.255813953488372
26_64,1.6666666666666667
26_8,1.0
26_9,1.2894736842105263
27_10,1.8
27_11,1.72
27_12,1.6842105263157894
27_13,1.3962264150943395
27_14,1.7777777777777777
27_17,2.5
27_18,1.375
27_19,1.5714285714285714
27_20,1.4411764705882353
27_21,1.2941176470588236
27_22,0.0
27_23,1.5
27_24,1.6363636363636365
27_25,1.7692307692307692
27_26,1.4861111111111112
27_27,1.6388888888888888
27_28,2.2857142857142856
27_29,1.4761904761904763
27_30,1.5909090909090908
27_31,1.5945945945945945
27_32,1.84
27_33,1.9375
27_34,1.736842105263158
27_35,1.5714285714285714
27_36,1.6842105263157894
27_37,1.7708333333333333
27_38,1.7906976744186047
27_39,1.6585365853658536
27_40,1.5897435897435896
27_41,1.7857142857142858
27_42,1.8888888888888888
27_43,1.7142857142857142
27_44,1.8888888888888888
27_45,1.4411764705882353
27_46,1.5
27_47,1.9
27_48,1.8571428571428572
27_49,2.388888888888889
27_50,1.55
27_51,2.24
27_52,1.64
27_53,1.6451612903225807
27_54,1.7222222222222223
27_55,1.8181818181818181
27_56,1.5555555555555556
27_57,1.5909090909090908
27_58,2.4166666666666665
27_59,1.65
27_60,1.6428571428571428
27_61,1.6666666666666667
27_62,1.95
27_63,1.5625
27_8,1.5333333333333334
27_9,1.7941176470588236
28_10,1.4782608695652173
28_11,1.6111111111111112
28_12,1.5121951219512195
28_13,1.5333333333333334
28_14,2.2
28_17,3.3333333333333335
28_18,3.0
28_19,1.4333333333333333
28_20,1.5925925925925926
28_21,1.5
28_22,1.75
28_23,1.411764705882353
28_24,1.6511627906976745
28_25,1.4736842105263157
28_26,1.588235294117647
28_27,1.903225806451613
28_28,2.1818181818181817
28_29,1.606060606060606
28_30,1.9166666666666667
28_31,1.6666666666666667
28_32,2.1153846153846154
28_33,1.8695652173913044
28_34,1.565217391304348
28_35,2.2
28_36,2.0588235294117645
28_37,1.8103448275862069
28_38,1.8108108108108107
28_39,1.8048780487804879
28_40,1.7741935483870968
28_41,1.542857142857143
28_42,1.864864864864865
28_43,2.3333333333333335
28_44,1.4230769230769231
28_45,1.4761904761904763
28_46,1.8285714285714285
28_47,2.142857142857143
28_48,2.5714285714285716
28_49,1.9523809523809523
28_50,1.6666666666666667
28_51,2.176470588235294
28_52,1.9230769230769231
28_53,1.6304347826086956
28_54,1.65625
28_55,2.3333333333333335
28_56,2.0625
28_57,1.8333333333333333
28_58,1.7297297297297298
28_59,1.9583333333333333
28_60,1.673913043478261
28_61,1.565217391304348
28_62,1.5227272727272727
28_63,1.25
28_7,1.4230769230769231
28_8,0.0
28_9,2.0
29_10,1.625
29_11,1.875
29_12,1.2407407407407407
29_13,1.5
29_14,1.475
29_15,1.8571428571428572
29_16,1.6666666666666667
29_17,1.7272727272727273
29_18,2.0
29_19,1.2962962962962963
29_20,1.5
29_21,1.5675675675675675
29_22,1.6363636363636365
29_23,1.5454545454545454
29_24,1.5454545454545454
29_25,1.578125
29_26,1.45
29_27,1.5384615384615385
29_28,1.84
29_29,1.92
29_30,1.75
29_31,1.6285714285714286
29_32,1.64
29_33,2.2857142857142856
29_34,1.5666666666666667
29_35,1.9333333333333333
29_36,1.5303030303030303
29_37,1.59375
29_38,1.5625
29_39,1.736842105263158
29_40,1.5853658536585367
29_41,1.4
29_42,1.6382978723404256
29_43,1.8181818181818181
29_44,1.9473684210526316
29_45,1.7916666666666667
29_46,2.1666666666666665
29_47,1.380952380952381
29_48,2.076923076923077
29_49,1.6875
29_50,1.75
29_51,2.2142857142857144
29_52,1.7916666666666667
29_53,1.6046511627906976
29_54,1.8214285714285714
29_55,1.64
29_56,1.6428571428571428
29_57,1.8
29_58,1.6923076923076923
29_59,1.7105263157894737
29_60,1.8076923076923077
29_61,1.4473684210526316
29_62,1.375
29_63,2.5
29_64,0.0
29_8,1.5757575757575757
29_9,1.7777777777777777
2_33,5.0
2_35,1.411764705882353
2_51,1.65625
2_52,1.75
2_53,1.5
2_55,1.8666666666666667
2_56,2.272727272727273
2_57,1.9375
30_10,1.5833333333333333
30_11,1.5263157894736843
30_12,1.353846153846154
30_13,1.3658536585365855
30_14,1.85
30_15,1.6666666666666667
30_16,1.7894736842105263
30_17,1.4210526315789473
30_18,1.4545454545454546
30_19,1.608695652173913
30_20,1.7857142857142858
30_21,1.4545454545454546
30_22,2.0
30_23,1.6956521739130435
30_24,1.6428571428571428
30_25,1.64
30_26,1.5714285714285714
30_27,1.2857142857142858
30_28,2.0
30_29,1.72
30_30,1.6206896551724137
30_31,1.696969696969697
30_32,2.0588235294117645
30_33,1.7272727272727273
30_34,1.4838709677419355
30_35,2.8
30_36,1.4615384615384615
30_37,1.8064516129032258
30_38,1.75
30_39,2.0
30_40,1.4285714285714286
30_41,1.4782608695652173
30_42,1.5483870967741935
30_43,1.606060606060606
30_44,1.6097560975609757
30_45,1.5
30_46,1.9090909090909092
30_47,2.0
30_48,1.6470588235294117
30_49,1.5714285714285714
30_50,1.606060606060606
30_51,1.5769230769230769
30_52,1.8
30_53,1.8
30_54,2.04
30_55,1.5588235294117647
30_56,1.65625
30_57,1.5454545454545454
30_58,1.9166666666666667
30_59,1.6818181818181819
30_60,1.5483870967741935
30_61,1.6
30_62,1.6666666666666667
30_63,1.5
30_64,1.0
30_65,0.0
30_9,1.3636363636363635
31_10,1.6071428571428572
31_11,1.4545454545454546
31_12,1.5714285714285714
31_13,1.4242424242424243
31_14,1.542857142857143
31_15,1.6296296296296295
31_16,1.4782608695652173
31_17,1.5714285714285714
31_18,1.5714285714285714
31_19,1.6
31_20,1.525
31_21,1.542857142857143
31_22,1.3214285714285714
31_23,1.391304347826087
31_24,1.4054054054054055
31_25,1.5609756097560976
31_26,1.411764705882353
31_27,1.8
31_28,1.85
31_29,1.7142857142857142
31_30,1.6578947368421053
31_31,1.696969696969697
31_32,1.8529411764705883
31_33,1.8
31_34,2.1666666666666665
31_35,1.7
31_36,1.71875
31_37,1.5625
31_38,1.65
31_39,1.9
31_40,0.0
31_42,1.75
31_43,1.45
31_44,1.28125
31_45,1.4074074074074074
31_46,1.6
31_47,1.7941176470588236
31_48,1.75
31_49,1.6666666666666667
31_50,1.5588235294117647
31_51,1.6944444444444444
31_52,1.7435897435897436
31_53,1.709090909090909
31_54,1.65625
31_55,2.142857142857143
31_56,1.9090909090909092
31_57,1.5555555555555556
31_58,1.6923076923076923
31_59,1.7
31_60,2.3
31_61,1.4705882352941178
31_62,1.46875
31_63,1.7419354838709677
31_64,1.8181818181818181
31_65,1.0
32_10,1.4074074074074074
32_11,1.4848484848484849
32_12,1.7692307692307692
32_13,1.4857142857142858
32_14,1.3620689655172413
32_15,1.6875
32_16,1.5454545454545454
32_17,1.4782608695652173
32_18,1.605263157894737
32_19,1.8409090909090908
32_20,1.6944444444444444
32_21,1.7692307692307692
32_22,1.608695652173913
32_23,1.3571428571428572
32_24,1.5
32_25,1.6111111111111112
32_26,1.85
32_27,2.0
32_28,1.575
32_29,1.793103448275862
32_30,1.8571428571428572
32_31,1.9655172413793103
32_32,1.697674418604651
32_33,1.6097560975609757
32_34,1.59375
32_35,1.2727272727272727
32_36,2.1666666666666665
32_37,0.0
32_39,1.5
32_40,0.0
32_41,4.0
32_42,2.111111111111111
32_43,1.5625
32_44,1.8888888888888888
32_45,6.0
32_46,1.263157894736842
32_47,1.71875
32_48,1.9230769230769231
32_49,2.2
32_50,1.6956521739130435
32_51,1.5294117647058822
32_52,1.75
32_53,1.8235294117647058
32_54,1.3548387096774193
32_55,1.3823529411764706
32_56,1.5833333333333333
32_57,1.75
32_58,1.8823529411764706
32_59,1.6666666666666667
32_60,1.4242424242424243
32_61,1.5789473684210527
32_62,1.88
32_63,1.5434782608695652
32_64,1.4848484848484849
32_65,4.0
32_9,1.2
33_10,1.53125
33_11,1.3703703703703705
33_12,1.6756756756756757
33_13,1.4411764705882353
33_14,1.6129032258064515
33_15,2.0
33_16,1.32
33_17,1.6842105263157894
33_18,1.5769230769230769
33_19,1.68
33_20,1.6538461538461537
33_21,1.7272727272727273
33_22,1.5909090909090908
33_23,1.368421052631579
33_24,1.4411764705882353
33_25,1.2727272727272727
33_26,1.9444444444444444
33_27,1.375
33_28,2.0
33_29,1.7272727272727273
33_30,1.5625
33_31,1.625
33_32,1.3695652173913044
33_33,1.4516129032258065
33_34,1.5769230769230769
33_35,1.4545454545454546
33_36,1.6428571428571428
33_37,1.7058823529411764
33_38,4.0
33_39,0.0
33_40,2.0
33_41,1.8571428571428572
33_42,0.0
33_43,1.9166666666666667
33_44,2.125
33_45,2.2
33_46,1.4827586206896552
33_47,1.5454545454545454
33_48,1.875
33_49,1.4545454545454546
33_50,1.65
33_51,2.1176470588235294
33_52,1.65
33_53,2.0
33_54,1.6363636363636365
33_55,1.3571428571428572
33_56,0.0
33_57,1.3478260869565217
33_58,1.4857142857142858
33_59,1.9166666666666667
33_60,1.6
33_61,1.75
33_62,3.0
33_63,1.6153846153846154
33_64,1.4230769230769231
33_65,5.0
33_69,2.25
33_9,1.6875
34_10,1.5217391304347827
34_11,1.4081632653061225
34_12,1.45
34_13,1.3870967741935485
34_14,1.4285714285714286
34_15,1.5294117647058822
34_16,1.6
34_17,1.6666666666666667
34_18,1.6428571428571428
34_19,2.0714285714285716
34_20,1.4210526315789473
34_21,1.4615384615384615
34_22,1.5294117647058822
34_23,1.5185185185185186
34_24,1.7272727272727273
34_25,1.7666666666666666
34_26,1.65
34_27,1.588235294117647
34_28,1.4137931034482758
34_29,1.5172413793103448
34_30,1.6923076923076923
34_31,1.5681818181818181
34_32,1.6511627906976745
34_33,1.7272727272727273
34_34,1.6111111111111112
34_35,1.75
34_36,1.606060606060606
34_37,1.8235294117647058
34_38,2.3333333333333335
34_39,0.0
34_41,1.0
34_42,1.6
34_43,1.5277777777777777
34_44,1.6111111111111112
34_45,1.75
34_46,1.1875
34_47,1.45
34_48,1.5
34_49,1.619047619047619
34_50,1.8
34_51,1.5833333333333333
34_52,2.0
34_53,1.0
34_55,0.0
34_56,2.75
34_57,1.875
34_58,1.7222222222222223
34_59,1.3529411764705883
34_60,1.6176470588235294
34_61,1.5
34_62,2.0
34_63,0.0
34_64,0.0
34_65,3.0
34_66,1.6
34_67,0.0
34_68,1.9
34_69,1.2444444444444445
34_9,4.0
35_10,1.3095238095238095
35_11,1.4230769230769231
35_12,1.3829787234042554
35_13,1.4259259259259258
35_14,1.875
35_15,1.5333333333333334
35_16,1.4166666666666667
35_17,1.3333333333333333
35_18,1.588235294117647
35_19,1.4285714285714286
35_20,1.4482758620689655
35_21,1.5263157894736843
35_22,1.4857142857142858
35_23,1.358974358974359
35_24,1.5172413793103448
35_25,1.5416666666666667
35_26,1.9230769230769231
35_27,1.5128205128205128
35_28,1.6538461538461537
35_29,1.55
35_30,1.8275862068965518
35_31,1.6896551724137931
35_32,2.4285714285714284
35_33,1.4166666666666667
35_34,1.4444444444444444
35_35,1.5555555555555556
35_36,1.7741935483870968
35_37,1.7083333333333333
35_38,3.0
35_39,1.0
35_41,3.0
35_42,1.4857142857142858
35_43,1.3555555555555556
35_44,1.2903225806451613
35_45,1.8
35_48,1.619047619047619
35_49,1.608695652173913
35_50,1.3548387096774193
35_51,1.3636363636363635
35_52,0.0
35_56,2.0
35_57,2.0
35_58,1.52
35_59,1.4166666666666667
35_60,1.2941176470588236
35_61,1.7272727272727273
35_62,2.3333333333333335
35_65,1.25
35_66,1.7142857142857142
35_69,1.5714285714285714
36_10,1.3414634146341464
36_11,1.5185185185185186
36_12,1.84
36_13,1.5
36_14,1.5555555555555556
36_15,1.4583333333333333
36_16,1.6
36_17,1.6875
36_18,1.5416666666666667
36_19,1.6071428571428572
36_20,1.7105263157894737
36_21,1.8461538461538463
36_22,1.736842105263158
36_23,1.6842105263157894
36_24,1.75
36_25,1.7
36_26,1.4782608695652173
36_27,1.3055555555555556
36_28,1.32
36_29,1.0
36_30,2.2
36_31,1.5526315789473684
36_32,2.0526315789473686
36_33,1.8235294117647058
36_34,1.6
36_35,1.4
36_36,1.558139534883721
36_37,1.565217391304348
36_38,1.6363636363636365
36_39,1.5
36_40,1.4166666666666667
36_41,1.2333333333333334
36_42,1.4130434782608696
36_43,1.492537313432836
36_44,1.6363636363636365
36_45,1.4705882352941178
36_46,1.6206896551724137
36_47,1.3333333333333333
36_48,1.625
36_49,2.0
36_50,1.8
36_51,1.4210526315789473
36_52,1.7272727272727273
36_54,1.3333333333333333
36_55,1.7777777777777777
36_56,1.619047619047619
36_57,1.2857142857142858
36_58,2.0
36_59,3.0
36_60,1.0
36_61,1.6666666666666667
36_62,3.0
36_63,1.3333333333333333
36_64,1.2727272727272727
36_65,1.6111111111111112
36_66,1.2941176470588236
36_67,1.6551724137931034
36_68,3.5
36_69,1.55
37_10,1.1666666666666667
37_11,1.3170731707317074
37_12,1.542857142857143
37_13,1.3137254901960784
37_14,2.0
37_15,1.8
37_16,1.5714285714285714
37_17,2.0
37_18,1.6363636363636365
37_19,1.8823529411764706
37_20,1.7575757575757576
37_21,1.9
37_22,1.7419354838709677
37_23,1.8666666666666667
37_24,1.8333333333333333
37_25,1.5454545454545454
37_26,1.6666666666666667
37_27,1.4222222222222223
37_28,1.5333333333333334
37_29,1.826086956521739
37_30,1.7142857142857142
37_31,1.8518518518518519
37_32,1.8
37_33,1.375
37_34,1.7586206896551724
37_35,1.7
37_36,1.55
37_37,1.3170731707317074
37_38,1.4827586206896552
37_39,1.5714285714285714
37_40,1.8181818181818181
37_41,1.4411764705882353
37_42,1.3404255319148937
37_43,1.525
37_44,1.5263157894736843
37_45,2.0526315789473686
37_46,2.5
37_52,1.75
37_55,2.2222222222222223
37_56,1.9545454545454546
37_57,2.0
37_58,1.8
37_59,2.5
37_61,1.8333333333333333
37_62,1.3076923076923077
37_63,1.2777777777777777
37_64,1.5
37_65,2.0
37_66,1.46875
37_67,1.411764705882353
37_68,1.6153846153846154
37_69,1.3225806451612903
37_9,3.0
38_10,2.2
38_11,1.4516129032258065
38_12,1.564102564102564
38_13,1.3962264150943395
38_14,2.0
38_15,1.4583333333333333
38_16,1.4615384615384615
38_17,1.5
38_18,1.8461538461538463
38_19,1.5151515151515151
38_20,1.6956521739130435
38_21,1.8
38_22,2.230769230769231
38_23,1.7692307692307692
38_24,2.0
38_25,1.4285714285714286
38_26,1.3333333333333333
38_27,2.0
38_28,1.606060606060606
38_29,1.4166666666666667
38_30,1.9
38_31,1.5454545454545454
38_32,1.358974358974359
38_33,1.4827586206896552
38_34,1.76
38_35,1.8888888888888888
38_36,1.8125
38_37,1.5151515151515151
38_38,1.4375
38_39,1.6923076923076923
38_40,1.5454545454545454
38_41,1.4390243902439024
38_42,1.6923076923076923
38_43,1.3333333333333333
38_44,1.4827586206896552
38_45,1.7272727272727273
38_46,1.8
38_47,3.0
38_48,1.5
38_49,3.0
38_50,2.5
38_52,1.6
38_53,0.0
38_54,1.0
38_56,1.542857142857143
38_57,1.5
38_58,1.3421052631578947
38_59,1.4736842105263157
38_60,1.7647058823529411
38_61,1.565217391304348
38_62,1.5151515151515151
38_63,1.411764705882353
38_64,1.4814814814814814
38_65,1.4444444444444444
38_66,1.65
38_67,1.7083333333333333
38_68,1.4848484848484849
38_69,1.5714285714285714
39_11,3.5
39_12,1.2962962962962963
39_13,1.48
39_14,1.619047619047619
39_15,1.3125
39_16,1.4444444444444444
39_17,1.3488372093023255
39_18,1.56
39_19,1.64
39_20,1.7222222222222223
39_21,1.205128205128205
39_22,2.0714285714285716
39_23,1.8
39_24,2.5
39_25,1.9166666666666667
39_26,1.4666666666666666
39_27,1.8518518518518519
39_28,1.7884615384615385
39_29,1.5789473684210527
39_30,1.5925925925925926
39_31,1.5128205128205128
39_32,1.5806451612903225
39_33,1.627906976744186
39_34,1.475
39_35,1.5357142857142858
39_36,1.5
39_37,1.3617021276595744
39_38,1.4444444444444444
39_39,1.5
39_40,1.4545454545454546
39_41,1.3695652173913044
39_42,1.619047619047619
39_43,1.9285714285714286
39_44,1.4375
39_45,1.5
39_46,1.3529411764705883
39_47,1.7142857142857142
39_48,1.6666666666666667
39_50,1.8
39_51,2.6666666666666665
39_52,2.4
39_53,0.0
39_54,1.5714285714285714
39_55,1.5666666666666667
39_56,1.625
39_57,1.5681818181818181
39_58,1.4210526315789473
39_59,1.5
39_60,1.4411764705882353
39_61,1.1428571428571428
39_62,1.3333333333333333
39_63,1.2083333333333333
39_64,1.8
39_65,1.4
39_66,0.0
39_67,2.5
39_68,1.7333333333333334
3_30,1.4545454545454546
3_31,2.0
3_32,1.8571428571428572
3_33,1.8
3_34,1.3333333333333333
3_35,1.4864864864864864
3_36,2.0
3_48,1.0
3_49,0.0
3_50,1.4615384615384615
3_51,1.64
3_52,2.5
3_53,1.5263157894736843
3_54,1.55
3_55,2.0833333333333335
3_56,1.5238095238095237
3_57,1.5909090909090908
40_12,1.5
40_13,1.4310344827586208
40_14,1.5609756097560976
40_15,1.6388888888888888
40_16,1.9047619047619047
40_17,1.3818181818181818
40_18,1.46875
40_19,1.7058823529411764
40_20,1.5454545454545454
40_21,1.3333333333333333
40_22,1.4
40_23,1.6153846153846154
40_24,1.6363636363636365
40_25,1.5714285714285714
40_26,1.4516129032258065
40_27,1.6285714285714286
40_28,1.6216216216216217
40_29,1.7307692307692308
40_30,2.0555555555555554
40_31,1.829268292682927
40_32,1.608695652173913
40_33,1.5161290322580645
40_34,1.5263157894736843
40_35,1.5833333333333333
40_36,1.9166666666666667
40_37,1.3823529411764706
40_38,2.25
40_39,1.5555555555555556
40_40,1.5833333333333333
40_41,1.9166666666666667
40_42,1.5483870967741935
40_43,1.7826086956521738
40_44,1.6
40_45,1.9444444444444444
40_46,1.7674418604651163
40_47,1.8
40_48,0.0
40_49,2.0
40_50,2.3333333333333335
40_51,2.0
40_52,2.142857142857143
40_55,2.0
40_56,2.25
40_57,1.5
40_58,1.6666666666666667
40_59,1.619047619047619
40_60,1.5263157894736843
40_61,3.0
40_62,1.25
40_64,2.0
41_12,1.1818181818181819
41_13,1.263157894736842
41_14,1.793103448275862
41_15,1.4090909090909092
41_16,1.326086956521739
41_17,1.375
41_18,1.7222222222222223
41_19,2.1
41_20,1.9166666666666667
41_21,1.8125
41_22,1.5
41_23,1.625
41_24,2.142857142857143
41_25,1.393939393939394
41_26,1.9130434782608696
41_27,1.925
41_28,1.8431372549019607
41_29,1.8666666666666667
41_30,1.8653846153846154
41_31,1.894736842105263
41_32,1.95
41_33,1.3243243243243243
41_34,1.7
41_35,1.6111111111111112
41_36,1.6857142857142857
41_37,1.8529411764705883
41_38,1.88
41_39,1.65
41_40,1.7857142857142858
41_41,2.0
41_42,1.68
41_43,1.793103448275862
41_44,1.625
41_45,1.2307692307692308
41_46,1.5945945945945945
41_47,1.542857142857143
41_48,1.7777777777777777
41_50,0.0
41_51,1.9090909090909092
41_54,1.0909090909090908
41_55,1.0
41_57,0.0
41_59,2.0
41_60,1.6666666666666667
42_12,1.6
42_13,1.34375
42_14,1.5
42_15,1.625
42_16,1.5227272727272727
42_17,1.4444444444444444
42_18,1.7083333333333333
42_19,1.5483870967741935
42_20,1.625
42_21,1.4782608695652173
42_22,1.4545454545454546
42_23,2.0
42_24,1.9565217391304348
42_25,1.3636363636363635
42_26,1.5333333333333334
42_27,1.725
42_28,2.0
42_29,1.9428571428571428
42_30,1.8571428571428572
42_31,1.8958333333333333
42_32,1.7
42_33,1.7727272727272727
42_34,1.446808510638298
42_35,1.7241379310344827
42_36,1.6470588235294117
42_37,1.8
42_38,1.6666666666666667
42_39,1.391304347826087
42_40,1.4615384615384615
42_41,1.4313725490196079
42_42,1.5
42_43,1.5555555555555556
42_44,1.6153846153846154
42_45,1.2950819672131149
42_46,1.55
42_47,1.7916666666666667
42_48,2.6666666666666665
42_50,1.3548387096774193
42_51,1.76
42_52,1.2941176470588236
42_53,1.2222222222222223
42_55,2.0
42_56,2.6666666666666665
42_57,2.25
43_12,1.6666666666666667
43_13,1.5
43_14,1.3529411764705883
43_15,1.608695652173913
43_16,1.6
43_17,1.7692307692307692
43_18,1.5161290322580645
43_19,1.65
43_20,1.8636363636363635
43_21,1.6
43_22,1.5483870967741935
43_23,1.2083333333333333
43_24,1.4878048780487805
43_25,1.7777777777777777
43_26,1.574468085106383
43_27,1.84
43_28,2.0625
43_29,1.68
43_30,1.8387096774193548
43_31,2.0
43_32,1.75
43_33,1.59375
43_34,1.4
43_35,2.0
43_36,1.7272727272727273
43_37,1.7142857142857142
43_38,1.8181818181818181
43_39,2.0
43_40,1.8
43_41,1.8823529411764706
43_42,1.4857142857142858
43_43,1.6037735849056605
43_44,1.434782608695652
43_45,1.5384615384615385
43_46,1.5813953488372092
43_47,1.5
43_48,1.5714285714285714
43_49,1.6153846153846154
43_50,1.6451612903225807
43_51,1.5714285714285714
43_52,1.8666666666666667
43_53,1.4482758620689655
43_54,1.3043478260869565
43_55,3.0
43_57,1.8333333333333333
43_60,2.5
44_12,1.3478260869565217
44_13,1.5208333333333333
44_14,1.4473684210526316
44_15,2.6666666666666665
44_16,1.4615384615384615
44_17,1.3461538461538463
44_18,1.4901960784313726
44_19,2.0
44_20,1.7619047619047619
44_21,1.6666666666666667
44_22,1.7407407407407407
44_23,1.5526315789473684
44_24,1.46
44_25,1.8888888888888888
44_26,1.4772727272727273
44_27,1.56
44_28,1.9130434782608696
44_29,1.8636363636363635
44_30,1.6296296296296295
44_31,1.7666666666666666
44_32,1.9
44_33,1.8571428571428572
44_34,1.6111111111111112
44_35,1.8636363636363635
44_36,1.5
44_37,1.34375
44_38,1.5172413793103448
44_39,1.8297872340425532
44_40,1.8048780487804879
44_41,1.6578947368421053
44_42,1.4242424242424243
44_43,1.8461538461538463
44_44,1.6428571428571428
44_45,1.9
44_46,1.6538461538461537
44_47,2.0
44_48,1.7894736842105263
44_49,1.619047619047619
44_50,1.3888888888888888
44_51,1.4761904761904763
44_52,1.65
44_53,1.4736842105263157
44_54,2.0
45_12,1.2857142857142858
45_13,1.52
45_14,1.9444444444444444
45_15,1.5416666666666667
45_16,1.4814814814814814
45_17,2.066666666666667
45_18,1.6764705882352942
45_19,1.5833333333333333
45_20,1.391304347826087
45_21,1.3157894736842106
45_22,1.92
45_23,1.7307692307692308
45_24,1.5681818181818181
45_25,1.4375
45_26,1.75
45_27,1.85
45_28,1.48
45_29,1.3617021276595744
45_30,1.7272727272727273
45_31,1.6521739130434783
45_32,1.4722222222222223
45_33,1.5128205128205128
45_34,1.7692307692307692
45_35,1.9565217391304348
45_36,1.8125
45_37,1.7826086956521738
45_38,1.4
45_39,1.7352941176470589
45_40,1.5862068965517242
45_41,1.6521739130434783
45_42,1.4594594594594594
45_43,1.6486486486486487
45_44,1.7391304347826086
45_45,1.6
45_46,1.7083333333333333
45_47,2.0
45_49,0.0
45_51,0.0
45_52,2.5
45_53,1.6428571428571428
46_12,2.0
46_13,1.4848484848484849
46_14,1.4
46_15,1.5
46_16,1.8125
46_17,1.75
46_18,1.7391304347826086
46_19,1.3
46_20,1.1538461538461537
46_21,1.6111111111111112
46_22,1.7
46_23,1.6551724137931034
46_24,1.5294117647058822
46_25,1.7333333333333334
46_26,1.6111111111111112
46_27,1.72
46_28,1.4857142857142858
46_29,1.5625
46_30,1.6
46_31,1.6666666666666667
46_32,1.6666666666666667
46_33,1.375
46_34,1.441860465116279
46_35,1.5454545454545454
46_36,2.25
46_37,1.8666666666666667
46_38,1.56
46_39,1.5151515151515151
46_40,1.7586206896551724
46_41,1.7222222222222223
46_42,1.48
46_43,1.3953488372093024
46_44,1.9285714285714286
46_45,1.5
46_46,1.53125
46_47,0.0
46_49,0.0
46_52,0.0
46_7,1.35
47_12,1.411764705882353
47_13,1.2903225806451613
47_14,1.3548387096774193
47_15,1.4482758620689655
47_16,1.6818181818181819
47_17,1.5714285714285714
47_18,1.5217391304347827
47_19,1.4782608695652173
47_20,1.3333333333333333
47_21,1.457142857142857
47_22,1.4545454545454546
47_23,1.8571428571428572
47_24,1.6333333333333333
47_25,1.8095238095238095
47_26,1.6428571428571428
47_27,1.5517241379310345
47_28,1.4318181818181819
47_29,2.0714285714285716
47_30,1.588235294117647
47_31,1.5909090909090908
47_32,1.5227272727272727
47_33,1.7619047619047619
47_34,1.7692307692307692
47_35,1.75
47_36,1.7179487179487178
47_37,1.8076923076923077
47_38,1.7959183673469388
47_39,1.5476190476190477
47_40,1.9
47_41,1.2765957446808511
47_42,1.5333333333333334
47_43,1.4210526315789473
47_44,1.5365853658536586
47_45,1.7619047619047619
47_46,1.6153846153846154
47_47,0.0
47_48,0.0
47_49,0.0
47_50,2.3333333333333335
47_51,0.0
47_52,0.0
47_53,2.5
47_55,2.111111111111111
47_6,1.6
48_12,1.3333333333333333
48_13,1.5714285714285714
48_14,1.4230769230769231
48_15,1.3
48_16,1.4444444444444444
48_17,1.46875
48_18,1.5
48_19,1.5625
48_20,1.3636363636363635
48_21,1.76
48_22,1.7692307692307692
48_23,1.52
48_24,1.3571428571428572
48_25,1.8235294117647058
48_26,1.8
48_27,1.565217391304348
48_28,1.9333333333333333
48_29,1.52
48_30,1.7058823529411764
48_31,1.5588235294117647
48_32,1.4186046511627908
48_33,1.4411764705882353
48_34,1.6
48_35,2.2222222222222223
48_36,1.7391304347826086
48_37,1.5384615384615385
48_38,1.5897435897435896
48_39,1.6
48_4,1.5
48_40,1.4782608695652173
48_41,1.6521739130434783
48_42,1.5161290322580645
48_43,1.3571428571428572
48_44,1.8181818181818181
48_45,2.090909090909091
48_47,0.0
48_48,5.0
48_5,0.0
48_50,0.0
48_52,0.0
48_53,1.6666666666666667
48_54,1.3611111111111112
48_55,1.72
48_56,1.4516129032258065
48_8,4.0
49_10,0.0
49_11,1.625
49_12,1.6363636363636365
49_13,1.5526315789473684
49_14,1.5555555555555556
49_15,1.4423076923076923
49_16,1.6923076923076923
49_17,1.5357142857142858
49_18,1.4411764705882353
49_19,1.7916666666666667
49_20,1.4545454545454546
49_21,1.6296296296296295
49_22,1.7142857142857142
49_23,1.3611111111111112
49_24,1.6666666666666667
49_25,1.9230769230769231
49_26,1.7037037037037037
49_27,2.3
49_28,1.6666666666666667
49_29,1.875
49_30,1.434782608695652
49_31,1.7777777777777777
49_32,1.52
49_33,1.3333333333333333
49_34,2.0
49_35,3.4
49_36,1.826086956521739
49_37,1.40625
49_38,1.4102564102564104
49_39,1.4545454545454546
49_40,1.4130434782608696
49_41,1.4871794871794872
49_42,1.3018867924528301
49_43,1.5909090909090908
49_44,1.6111111111111112
49_45,1.4
49_46,3.0
49_47,2.3333333333333335
49_48,3.0
49_50,1.6666666666666667
49_52,1.3
49_53,1.4444444444444444
49_54,1.3571428571428572
49_55,2.2222222222222223
49_56,1.625
49_57,1.2580645161290323
49_6,0.0
49_7,1.8235294117647058
49_8,1.393939393939394
49_9,1.3333333333333333
4_20,2.0
4_21,1.7777777777777777
4_22,1.4285714285714286
4_23,1.3461538461538463
4_24,2.142857142857143
4_25,1.3529411764705883
4_28,1.2857142857142858
4_29,1.393939393939394
4_30,1.475
4_31,1.2352941176470589
4_32,1.5
4_33,1.394736842105263
4_34,1.5675675675675675
4_35,1.5277777777777777
4_36,1.5
4_47,1.5454545454545454
4_48,1.7857142857142858
4_49,1.2
4_50,1.64
4_51,1.5714285714285714
4_52,1.4864864864864864
4_53,1.5161290322580645
4_54,1.6129032258064515
4_55,1.2941176470588236
4_56,1.44
4_57,1.9285714285714286
50_10,2.0
50_11,1.263157894736842
50_12,1.5294117647058822
50_13,1.5833333333333333
50_14,1.4210526315789473
50_15,1.4375
50_16,1.2941176470588236
50_17,1.4210526315789473
50_18,1.9375
50_19,1.5405405405405406
50_20,1.5357142857142858
50_21,1.5238095238095237
50_22,1.8
50_23,1.68
50_24,2.2222222222222223
50_25,1.7333333333333334
50_26,1.5588235294117647
50_27,1.9090909090909092
50_28,1.6111111111111112
50_29,1.75
50_30,1.35
50_31,1.7142857142857142
50_32,1.4
50_33,1.46875
50_34,2.0
50_35,2.0
50_36,1.6857142857142857
50_37,1.4642857142857142
50_38,1.52
50_39,1.4477611940298507
50_40,1.75
50_41,1.372093023255814
50_42,1.2702702702702702
50_43,1.5625
50_44,1.6
50_45,1.5263157894736843
50_46,1.7777777777777777
50_47,2.125
50_48,1.6
50_49,1.5
50_5,4.0
50_50,1.5555555555555556
50_51,1.9
50_52,1.5263157894736843
50_53,1.2666666666666666
50_54,1.8421052631578947
50_55,1.4324324324324325
50_56,2.3333333333333335
50_57,4.0
50_7,1.8571428571428572
50_8,1.4107142857142858
50_9,1.5294117647058822
51_10,1.6
51_11,1.3636363636363635
51_12,2.0714285714285716
51_13,1.7352941176470589
51_14,1.6388888888888888
51_15,1.5263157894736843
51_16,1.5
51_17,1.36
51_18,1.5526315789473684
51_19,1.4074074074074074
51_20,1.736842105263158
51_21,1.6097560975609757
51_22,1.4054054054054055
51_23,2.1666666666666665
51_24,1.5185185185185186
51_25,1.5384615384615385
51_26,1.2424242424242424
51_27,1.7222222222222223
51_28,2.125
51_29,1.7058823529411764
51_30,1.736842105263158
51_31,1.6538461538461537
51_32,1.75
51_33,1.7307692307692308
51_34,1.457142857142857
51_35,1.75
51_36,1.6818181818181819
51_37,1.5151515151515151
51_38,1.5
51_39,1.6666666666666667
51_40,1.6666666666666667
51_41,1.84375
51_42,1.5555555555555556
51_43,2.0833333333333335
51_44,1.5277777777777777
51_45,1.4444444444444444
51_46,1.7037037037037037
51_47,1.441860465116279
51_48,1.6857142857142857
51_49,1.4827586206896552
51_5,1.4
51_52,1.5909090909090908
51_53,1.4230769230769231
51_54,1.4193548387096775
51_55,2.4285714285714284
51_6,0.0
51_7,2.0
51_8,1.4285714285714286
51_9,2.0
52_10,1.5172413793103448
52_11,1.5769230769230769
52_12,1.5384615384615385
52_13,1.5185185185185186
52_14,1.625
52_15,1.8571428571428572
52_16,1.5833333333333333
52_17,0.0
52_18,1.380952380952381
52_19,1.7692307692307692
52_20,2.066666666666667
52_21,1.6666666666666667
52_22,1.4186046511627908
52_23,1.6666666666666667
52_24,1.6578947368421053
52_25,1.3888888888888888
52_26,1.6428571428571428
52_27,1.8571428571428572
52_28,1.625
52_29,1.8333333333333333
52_30,1.5384615384615385
52_31,1.425
52_32,1.7142857142857142
52_33,1.608695652173913
52_34,1.5
52_35,1.25
52_36,1.8333333333333333
52_37,1.9
52_38,1.3833333333333333
52_39,1.75
52_40,1.4333333333333333
52_41,1.6785714285714286
52_42,1.5
52_43,1.6470588235294117
52_44,1.7222222222222223
52_45,1.5
52_46,1.5
52_47,1.5789473684210527
52_48,1.6041666666666667
52_49,1.368421052631579
52_5,1.6666666666666667
52_50,1.4838709677419355
52_51,1.75
52_52,1.7142857142857142
52_53,1.565217391304348
52_54,1.6666666666666667
52_55,2.0
52_56,0.0
52_7,1.3846153846153846
52_9,2.0
53_10,1.6428571428571428
53_11,1.5
53_12,1.3620689655172413
53_13,1.5862068965517242
53_14,1.4090909090909092
53_15,1.48
53_16,1.5238095238095237
53_17,2.125
53_18,1.4210526315789473
53_19,1.3125
53_20,1.631578947368421
53_21,1.5957446808510638
53_22,1.72
53_23,1.2564102564102564
53_24,1.5333333333333334
53_25,1.5483870967741935
53_26,1.3793103448275863
53_27,1.325
53_28,1.5862068965517242
53_29,1.5263157894736843
53_30,1.3823529411764706
53_31,1.4102564102564104
53_32,1.4615384615384615
53_33,1.6842105263157894
53_34,1.6666666666666667
53_35,1.1764705882352942
53_36,1.85
53_37,1.75
53_38,1.4761904761904763
53_39,1.5636363636363637
53_40,1.4583333333333333
53_41,1.3461538461538463
53_43,0.0
53_44,1.625
53_45,1.75
53_46,1.6111111111111112
53_47,1.5714285714285714
53_48,1.6363636363636365
53_49,1.8888888888888888
53_50,2.142857142857143
53_52,1.7272727272727273
53_53,1.6666666666666667
53_54,1.5714285714285714
53_6,1.7142857142857142
53_8,1.2692307692307692
54_10,1.48
54_11,1.6842105263157894
54_12,1.2857142857142858
54_13,2.0
54_14,1.4285714285714286
54_15,1.75
54_16,1.7058823529411764
54_17,1.8235294117647058
54_18,1.6111111111111112
54_19,1.3157894736842106
54_20,1.5151515151515151
54_21,1.5384615384615385
54_22,1.3488372093023255
54_23,1.5333333333333334
54_24,1.3275862068965518
54_25,1.4285714285714286
54_26,1.4166666666666667
54_27,1.4565217391304348
54_28,1.35
54_29,1.5
54_30,1.3611111111111112
54_31,1.5
54_32,1.7058823529411764
54_33,2.1333333333333333
54_34,1.5833333333333333
54_35,1.4444444444444444
54_36,1.8461538461538463
54_37,2.4166666666666665
54_38,1.5
54_39,1.5454545454545454
54_40,2.0
54_41,0.0
54_42,1.2857142857142858
54_43,1.5714285714285714
54_44,2.0
54_45,1.0
54_47,1.394736842105263
54_48,1.3333333333333333
54_49,1.4545454545454546
54_50,1.9047619047619047
54_54,1.558139534883721
54_55,1.5
54_56,0.0
54_8,1.75
55_11,1.6
55_12,1.8
55_13,1.5161290322580645
55_14,1.4666666666666666
55_15,1.7777777777777777
55_16,1.736842105263158
55_17,1.6
55_18,1.76
55_19,1.6363636363636365
55_20,1.68
55_21,1.7333333333333334
55_22,1.3448275862068966
55_23,2.0
55_24,1.4615384615384615
55_25,1.75
55_26,1.3265306122448979
55_27,1.3333333333333333
55_28,1.75
55_29,1.4222222222222223
55_3,4.0
55_30,1.5925925925925926
55_31,1.5333333333333334
55_32,1.7692307692307692
55_33,1.7837837837837838
55_34,1.625
55_35,1.5909090909090908
55_36,1.4666666666666666
55_37,1.4565217391304348
55_38,1.5625
55_39,1.5185185185185186
55_4,3.0
55_40,1.3529411764705883
55_42,1.5
55_43,1.5
55_44,1.3870967741935485
55_45,1.2954545454545454
55_46,1.411764705882353
55_47,1.4242424242424243
55_48,1.434782608695652
55_49,1.4390243902439024
55_50,1.3214285714285714
55_51,2.0
55_54,4.5
55_55,2.4285714285714284
55_8,1.3636363636363635
55_9,1.4186046511627908
56_10,1.2962962962962963
56_11,1.0454545454545454
56_12,1.3243243243243243
56_13,2.3333333333333335
56_14,1.4545454545454546
56_15,1.6875
56_16,1.875
56_17,1.75
56_18,2.0
56_19,1.7
56_20,1.45
56_21,1.5666666666666667
56_22,1.4615384615384615
56_23,1.564102564102564
56_24,1.6666666666666667
56_25,1.380952380952381
56_26,1.6470588235294117
56_27,1.4666666666666666
56_28,1.5714285714285714
56_29,1.6585365853658536
56_30,1.6774193548387097
56_31,1.5476190476190477
56_32,1.3548387096774193
56_33,1.3953488372093024
56_34,1.5172413793103448
56_35,1.5185185185185186
56_36,1.8333333333333333
56_37,1.3269230769230769
56_38,1.4666666666666666
56_39,1.4285714285714286
56_40,1.5
56_41,1.3846153846153846
56_42,1.2352941176470589
56_45,1.28125
56_46,1.5625
56_47,1.5
56_48,1.4166666666666667
56_49,1.4333333333333333
56_50,2.0
56_51,1.0
56_54,0.0
56_6,1.8181818181818181
56_7,2.0
56_8,1.2083333333333333
56_9,1.4423076923076923
57_10,1.3529411764705883
57_12,1.3333333333333333
57_13,1.3428571428571427
57_14,1.7333333333333334
57_15,1.6
57_16,1.8
57_17,1.8333333333333333
57_18,5.0
57_2,2.0
57_20,1.5227272727272727
57_21,1.7727272727272727
57_22,1.5833333333333333
57_23,1.6808510638297873
57_24,1.4848484848484849
57_25,1.71875
57_26,1.6111111111111112
57_27,1.5609756097560976
57_28,1.8823529411764706
57_29,1.7058823529411764
57_30,1.8461538461538463
57_31,2.0
57_32,1.5333333333333334
57_33,1.3404255319148937
57_34,1.7142857142857142
57_35,1.5
57_36,1.7142857142857142
57_37,1.4583333333333333
57_38,1.3265306122448979
57_39,1.4181818181818182
57_40,2.0
57_41,1.5517241379310345
57_42,1.4090909090909092
57_44,1.5
57_47,2.0
57_48,1.4
57_49,1.5294117647058822
57_6,3.0
57_7,1.95
57_8,1.5555555555555556
57_9,1.303030303030303
58_0,1.4545454545454546
58_1,1.4242424242424243
58_10,1.1666666666666667
58_11,1.25
58_12,1.24
58_13,1.3333333333333333
58_14,1.6764705882352942
58_15,1.7647058823529411
58_16,1.5609756097560976
58_17,1.5555555555555556
58_18,1.4848484848484849
58_2,1.4666666666666666
58_20,1.9166666666666667
58_21,1.7083333333333333
58_22,1.6363636363636365
58_23,1.5
58_24,1.5365853658536586
58_25,1.5
58_26,1.434782608695652
58_27,1.4583333333333333
58_28,1.5294117647058822
58_29,1.4444444444444444
58_3,0.0
58_30,1.6666666666666667
58_31,2.2
58_32,1.2564102564102564
58_33,1.6285714285714286
58_34,1.7586206896551724
58_35,1.457142857142857
58_36,1.3225806451612903
58_37,0.0
58_38,1.4615384615384615
58_39,1.625
58_4,3.0
58_40,1.7647058823529411
58_41,1.542857142857143
58_48,1.3333333333333333
58_49,1.8571428571428572
58_5,0.0
59_1,1.0
59_10,3.0
59_11,2.5
59_13,2.0
59_14,1.5384615384615385
59_15,1.9130434782608696
59_16,1.5
59_17,1.3076923076923077
59_18,1.3428571428571427
59_19,2.1
59_21,1.7272727272727273
59_22,1.8125
59_23,1.564102564102564
59_24,1.25
59_25,1.34375
59_26,1.435897435897436
59_27,1.8
59_28,1.3333333333333333
59_29,1.3421052631578947
59_30,1.525
59_31,3.0
59_32,1.375
59_33,1.3870967741935485
59_34,1.588235294117647
59_35,2.0
59_36,1.3846153846153846
59_37,1.75
59_38,2.3333333333333335
59_39,1.5
59_4,0.0
59_40,1.6363636363636365
59_41,1.625
59_42,2.3333333333333335
59_43,0.0
59_46,4.0
59_47,2.0
59_48,2.6
59_49,2.1
59_5,1.875
59_6,1.5
5_20,1.5714285714285714
5_21,1.4482758620689655
5_22,1.6206896551724137
5_23,1.697674418604651
5_24,1.8
5_25,1.4666666666666666
5_26,1.5
5_27,1.3448275862068966
5_28,1.3888888888888888
5_29,1.5185185185185186
5_30,1.72
5_31,1.5
5_32,1.4848484848484849
5_33,1.4864864864864864
5_34,1.263157894736842
5_35,1.5217391304347827
5_37,1.0
5_46,1.4210526315789473
5_47,1.8095238095238095
5_48,1.5384615384615385
5_49,1.7352941176470589
5_50,1.375
5_51,1.7142857142857142
5_52,1.625
5_53,1.2258064516129032
5_54,1.1666666666666667
5_55,2.25
5_56,1.6111111111111112
5_57,1.5789473684210527
5_58,2.3333333333333335
5_59,1.3888888888888888
5_60,0.0
60_11,2.0
60_13,1.4285714285714286
60_14,1.53125
60_15,1.5666666666666667
60_16,1.7058823529411764
60_17,1.4090909090909092
60_18,1.619047619047619
60_19,1.3571428571428572
60_20,7.0
60_21,1.5
60_22,1.5714285714285714
60_23,1.55
60_24,0.0
60_25,2.0
60_26,2.0
60_27,1.7142857142857142
60_28,1.3611111111111112
60_29,1.7692307692307692
60_30,1.4761904761904763
60_31,1.0
60_32,1.2727272727272727
60_33,1.380952380952381
60_34,2.1052631578947367
60_35,1.6551724137931034
60_36,1.7058823529411764
60_37,2.6666666666666665
60_38,0.0
60_4,1.6153846153846154
60_41,2.3333333333333335
60_44,1.4
60_47,0.0
60_8,1.4705882352941178
61_10,2.3333333333333335
61_12,1.8571428571428572
61_13,1.9
61_14,5.0
61_15,0.0
61_16,0.0
61_18,1.2352941176470589
61_19,1.15
61_20,2.5
61_21,2.1
61_22,2.0
61_23,2.75
61_24,0.0
61_26,1.625
61_27,1.5
61_28,1.44
61_29,1.3461538461538463
61_30,1.4047619047619047
61_31,1.5
61_32,1.4791666666666667
61_33,1.5277777777777777
61_34,1.5277777777777777
61_35,1.3488372093023255
61_36,1.3055555555555556
61_37,2.1666666666666665
61_42,3.0
61_44,1.8571428571428572
61_5,1.3928571428571428
61_6,1.393939393939394
61_7,1.4848484848484849
61_8,1.2121212121212122
61_9,1.2580645161290323
62_11,1.5
62_12,1.9
62_13,1.9090909090909092
62_16,4.0
62_17,0.0
62_18,1.0
62_20,1.5
62_21,2.1666666666666665
62_22,1.9230769230769231
62_23,3.0
62_24,1.4
62_26,1.5
62_27,1.5185185185185186
62_28,1.4324324324324325
62_29,1.3103448275862069
62_30,1.3333333333333333
62_31,1.4166666666666667
62_32,1.6
62_33,1.64
62_34,1.411764705882353
62_35,1.4090909090909092
62_36,1.9090909090909092
62_37,4.0
62_4,1.0
62_5,1.3333333333333333
62_6,1.3888888888888888
62_7,1.3846153846153846
62_8,1.1951219512195121
62_9,1.3333333333333333
63_13,2.0
63_15,1.4285714285714286
63_16,1.5555555555555556
63_17,2.5
63_18,2.0
63_21,4.0
63_23,0.0
63_24,2.5
63_25,1.48
63_26,1.6923076923076923
63_27,1.3214285714285714
63_28,1.4222222222222223
63_29,1.488888888888889
63_3,1.8
63_30,1.4642857142857142
63_31,1.2682926829268293
63_32,1.5714285714285714
63_33,1.4523809523809523
63_34,1.5
63_35,4.5
63_36,1.8
63_6,1.5384615384615385
63_7,1.5625
63_8,1.5
63_9,1.736842105263158
64_10,1.4193548387096775
64_11,3.0
64_12,0.0
64_14,3.5
64_17,2.125
64_22,1.7857142857142858
64_23,1.6538461538461537
64_24,1.6428571428571428
64_25,1.368421052631579
64_26,1.7142857142857142
64_27,1.4838709677419355
64_28,1.36
64_29,1.5
64_30,1.7058823529411764
64_31,2.0
64_32,1.5384615384615385
64_8,1.4615384615384615
64_9,1.5757575757575757
65_10,1.0
65_17,2.5
65_20,1.4
65_21,2.3333333333333335
65_22,1.7096774193548387
65_23,1.9130434782608696
65_24,2.1818181818181817
65_25,1.6956521739130435
65_26,1.5384615384615385
65_27,1.7777777777777777
65_28,1.5
65_29,1.5333333333333334
65_30,1.3953488372093024
65_31,2.0
65_7,0.0
65_9,2.0
66_10,3.0
66_13,1.1428571428571428
66_17,2.5
66_22,2.0
66_23,2.0
66_26,1.5789473684210527
66_28,1.7777777777777777
66_29,1.9333333333333333
66_30,2.6666666666666665
66_5,1.5
66_9,0.0
67_20,0.0
67_21,1.6363636363636365
67_22,1.9583333333333333
67_23,1.7727272727272727
67_24,1.9375
67_26,2.0526315789473686
67_27,2.5
67_28,3.0
67_29,2.1578947368421053
67_6,2.0
68_15,1.0
68_18,1.6666666666666667
68_19,1.5
68_21,2.0
68_22,2.0
68_23,2.0
68_3,3.0
69_11,1.0
69_12,1.8333333333333333
69_15,0.0
69_16,2.0
69_17,1.2666666666666666
69_18,1.3888888888888888
69_22,1.7826086956521738
69_24,1.8181818181818181
69_3,3.0
6_20,3.0
6_21,1.5714285714285714
6_22,1.5185185185185186
6_23,1.5714285714285714
6_24,1.5294117647058822
6_25,1.5185185185185186
6_26,1.4473684210526316
6_27,1.5
6_28,1.4375
6_29,1.6896551724137931
6_30,1.375
6_31,1.3863636363636365
6_32,1.3461538461538463
6_33,1.4444444444444444
6_34,1.4444444444444444
6_35,1.2272727272727273
6_36,1.6153846153846154
6_37,0.0
6_46,1.5454545454545454
6_47,1.8461538461538463
6_48,2.0
6_49,1.8461538461538463
6_50,1.625
6_51,1.46875
6_52,1.5416666666666667
6_53,1.4375
6_54,1.5
6_55,1.4411764705882353
6_56,1.5357142857142858
6_57,1.4285714285714286
6_58,1.8181818181818181
6_59,1.5714285714285714
6_60,1.2972972972972974
6_61,1.3846153846153846
70_21,2.3333333333333335
70_22,1.9285714285714286
70_9,0.0
71_12,2.0
71_16,4.0
71_21,3.0
71_7,1.6666666666666667
72_12,1.5
72_14,1.3636363636363635
72_15,2.25
72_19,1.631578947368421
72_20,2.0
72_7,1.8333333333333333
73_13,0.0
73_4,1.5454545454545454
73_9,1.3529411764705883
74_18,2.0
74_22,0.0
74_9,1.28125
75_10,1.25
75_11,1.5294117647058822
75_19,1.6666666666666667
75_20,1.5238095238095237
75_21,2.4
75_8,1.8461538461538463
75_9,1.303030303030303
76_10,1.4782608695652173
76_13,0.0
76_14,1.5
76_20,1.2830188679245282
76_21,3.0
76_7,1.4
76_9,1.6363636363636365
77_19,2.6666666666666665
77_20,1.25
77_7,1.4615384615384615
77_8,1.3125
78_17,1.0
78_8,1.75
78_9,0.0
79_20,2.5
79_23,3.0
7_21,1.5294117647058822
7_22,1.4666666666666666
7_23,1.5666666666666667
7_24,1.4901960784313726
7_25,1.6206896551724137
7_26,1.6363636363636365
7_27,1.631578947368421
7_28,1.7575757575757576
7_29,1.4333333333333333
7_30,1.4615384615384615
7_31,1.3728813559322033
7_32,1.3571428571428572
7_33,2.0
7_34,1.6666666666666667
7_35,1.5
7_36,2.0
7_37,1.0
7_39,2.0
7_46,2.125
7_47,1.4375
7_48,1.7692307692307692
7_49,1.5625
7_50,1.3823529411764706
7_51,1.8
7_52,1.4814814814814814
7_53,1.6875
7_54,1.5357142857142858
7_55,1.6153846153846154
7_56,1.5714285714285714
7_57,1.8571428571428572
7_58,1.75
7_59,1.5185185185185186
7_60,1.3076923076923077
7_61,1.28
7_62,1.3
80_12,5.0
80_13,0.0
80_15,0.0
80_20,2.0
80_24,2.0
81_15,2.0
81_19,1.3571428571428572
82_10,1.8333333333333333
82_11,2.0
82_12,1.162162162162162
82_13,1.2173913043478262
82_14,1.3392857142857142
82_15,1.375
82_16,1.3636363636363635
82_18,1.6
82_19,1.7
83_10,1.4285714285714286
83_11,1.6666666666666667
83_12,1.3428571428571427
83_13,1.7777777777777777
83_14,2.0
83_15,1.446808510638298
83_18,1.7142857142857142
83_19,2.5
83_20,1.4545454545454546
83_23,2.0
83_9,1.5
84_10,1.5
84_11,1.3636363636363635
84_12,1.736842105263158
84_13,1.4074074074074074
84_14,1.4545454545454546
84_15,1.4444444444444444
84_16,1.1111111111111112
84_18,1.5
84_23,3.0
84_8,2.0
85_10,2.0
85_11,1.8695652173913044
85_12,1.4736842105263157
85_13,1.5384615384615385
85_14,1.4594594594594594
85_15,1.6666666666666667
85_16,1.1428571428571428
85_18,1.3333333333333333
85_9,1.4444444444444444
86_10,1.4166666666666667
86_11,1.4782608695652173
86_12,1.3
86_13,1.325
86_14,1.4594594594594594
86_15,1.3409090909090908
86_16,1.2941176470588236
86_17,1.5555555555555556
86_18,1.3181818181818181
86_21,1.6666666666666667
86_22,3.0
86_9,1.4545454545454546
87_10,1.8421052631578947
87_11,1.5172413793103448
87_12,1.4181818181818182
87_13,1.4565217391304348
87_14,1.3396226415094339
87_15,1.4857142857142858
87_16,1.5833333333333333
87_17,1.5
87_18,1.3076923076923077
87_19,1.4814814814814814
87_7,1.5263157894736843
87_8,1.6451612903225807
87_9,1.8571428571428572
88_10,1.6382978723404256
88_11,1.7
88_12,1.7142857142857142
88_13,1.4558823529411764
88_14,1.4
88_15,1.3255813953488371
88_16,1.64
88_17,1.4285714285714286
88_18,2.0
88_19,1.8181818181818181
88_20,1.5714285714285714
88_6,5.0
88_7,1.75
88_8,1.368421052631579
88_9,1.6296296296296295
89_10,1.4722222222222223
89_11,1.5
89_12,1.5909090909090908
89_13,1.4745762711864407
89_14,1.3544303797468353
89_15,1.5671641791044777
89_16,1.3962264150943395
89_17,1.4
89_18,0.0
89_20,1.5714285714285714
89_21,1.5
89_22,1.3333333333333333
89_23,1.4
89_4,0.0
89_5,1.6666666666666667
89_6,1.1481481481481481
89_7,1.625
89_8,1.4
89_9,1.5128205128205128
8_21,1.588235294117647
8_22,1.375
8_23,1.6333333333333333
8_24,1.4375
8_25,1.4473684210526316
8_26,1.255813953488372
8_27,1.3142857142857143
8_28,1.5294117647058822
8_29,1.4838709677419355
8_30,1.9
8_31,1.52
8_32,1.4166666666666667
8_33,1.1612903225806452
8_34,1.736842105263158
8_35,1.6956521739130435
8_36,1.5
8_37,1.75
8_39,1.4242424242424243
8_40,1.5
8_46,1.8888888888888888
8_47,1.4838709677419355
8_48,1.6666666666666667
8_49,1.411764705882353
8_50,1.6923076923076923
8_51,1.8064516129032258
8_52,1.7096774193548387
8_53,1.6122448979591837
8_54,1.6923076923076923
8_55,1.4615384615384615
8_56,1.5925925925925926
8_57,1.0
8_59,1.9166666666666667
8_60,1.6
8_61,1.2045454545454546
8_62,1.2156862745098038
90_10,1.8333333333333333
90_12,2.3333333333333335
90_13,1.372093023255814
90_14,1.532258064516129
90_15,1.5142857142857142
90_16,1.6385542168674698
90_17,1.4096385542168675
90_18,1.3548387096774193
90_19,1.631578947368421
90_20,2.5
90_21,2.6666666666666665
90_22,1.5
90_23,1.4615384615384615
90_24,0.0
90_26,1.5
90_8,1.8888888888888888
90_9,1.75
91_10,2.111111111111111
91_11,1.5416666666666667
91_12,1.72
91_13,1.9655172413793103
91_14,1.46
91_15,1.6071428571428572
91_16,1.6857142857142857
91_17,1.911764705882353
91_18,1.3529411764705883
91_19,1.4814814814814814
91_20,1.6666666666666667
91_21,1.8181818181818181
91_22,2.0
91_23,1.5714285714285714
91_24,2.0
91_25,1.6551724137931034
91_7,1.40625
91_8,1.56
91_9,1.75
92_10,1.8571428571428572
92_11,1.625
92_12,1.7096774193548387
92_13,1.6666666666666667
92_14,1.5333333333333334
92_15,1.58
92_16,1.5316455696202531
92_17,1.6857142857142857
92_18,1.6376811594202898
92_19,1.5584415584415585
92_20,1.435483870967742
92_21,1.4893617021276595
92_22,1.3953488372093024
92_23,1.5
92_8,1.509090909090909
92_9,1.2758620689655173
93_10,0.0
93_11,1.5217391304347827
93_12,1.8235294117647058
93_13,1.5964912280701755
93_14,1.6296296296296295
93_15,1.76
93_16,1.6571428571428573
93_17,1.5735294117647058
93_18,1.4142857142857144
93_19,1.4430379746835442
93_20,1.5
93_21,1.3544303797468353
93_22,1.5348837209302326
93_23,1.3555555555555556
93_7,1.4931506849315068
93_9,2.3333333333333335
94_10,1.358974358974359
94_11,1.8421052631578947
94_12,1.85
94_13,1.935483870967742
94_14,1.9722222222222223
94_15,1.574468085106383
94_16,1.6
94_17,1.4090909090909092
94_18,1.5172413793103448
94_19,1.3975903614457832
94_20,1.3478260869565217
94_21,1.4791666666666667
94_22,1.4054054054054055
94_23,1.6666666666666667
94_6,1.6
94_7,1.6363636363636365
94_8,1.8888888888888888
94_9,2.0
95_10,1.6363636363636365
95_11,1.3775510204081634
95_12,1.3404255319148937
95_13,1.7209302325581395
95_14,1.7906976744186047
95_15,1.9375
95_16,1.5862068965517242
95_17,1.6129032258064515
95_18,1.2727272727272727
95_19,1.5757575757575757
95_20,1.8
95_21,1.4375
95_22,1.5405405405405406
95_23,1.4583333333333333
95_7,1.5384615384615385
95_8,1.4782608695652173
95_9,1.5
96_10,1.4680851063829787
96_11,1.8125
96_12,1.8205128205128205
96_13,1.7647058823529411
96_14,1.403225806451613
96_15,1.5192307692307692
96_16,1.5
96_17,1.6666666666666667
96_18,1.3823529411764706
96_19,1.631578947368421
96_20,1.4406779661016949
96_21,1.5384615384615385
96_22,1.65625
96_23,1.5862068965517242
96_24,1.7142857142857142
96_7,1.9047619047619047
96_8,1.5454545454545454
96_9,1.4186046511627908
97_10,1.85
97_11,1.75
97_12,1.64
97_13,1.6764705882352942
97_14,1.8157894736842106
97_15,1.75
97_16,1.7826086956521738
97_17,1.7272727272727273
97_18,1.625
97_19,1.7222222222222223
97_20,1.5853658536585367
97_21,1.4102564102564104
97_22,1.5
97_23,1.4285714285714286
97_24,1.3214285714285714
97_25,1.9090909090909092
97_8,1.5
97_9,1.625
98_10,1.4878048780487805
98_11,1.6551724137931034
98_12,1.647887323943662
98_13,1.9545454545454546
98_14,1.7586206896551724
98_15,1.511111111111111
98_16,1.3333333333333333
98_17,1.4705882352941178
98_18,1.441860465116279
98_19,1.4545454545454546
98_20,1.2923076923076924
98_21,1.2571428571428571
98_22,1.3333333333333333
98_23,1.4042553191489362
98_24,2.2222222222222223
98_25,1.5666666666666667
98_7,1.7692307692307692
98_8,1.4
98_9,1.4464285714285714
99_10,2.25
99_11,1.4054054054054055
99_12,1.4153846153846155
99_13,1.625
99_14,1.5866666666666667
99_15,1.434782608695652
99_16,1.5054945054945055
99_17,1.4230769230769231
99_18,1.5
99_19,1.5476190476190477
99_20,1.4423076923076923
99_21,1.4705882352941178
99_22,1.3863636363636365
99_23,1.318840579710145
99_24,1.4615384615384615
99_25,1.275
99_7,1.875
99_8,1.6451612903225807
99_9,1.631578947368421
9_17,1.263157894736842
9_19,1.4666666666666666
9_20,1.34375
9_21,1.3928571428571428
9_22,1.3571428571428572
9_23,1.4193548387096775
9_24,1.5
9_25,1.4
9_26,1.3333333333333333
9_27,1.2432432432432432
9_28,1.5555555555555556
9_29,1.4193548387096775
9_30,1.4444444444444444
9_31,1.8
9_32,1.4583333333333333
9_33,1.3225806451612903
9_34,1.3409090909090908
9_35,1.4285714285714286
9_36,1.7
9_37,1.4666666666666666
9_38,1.4186046511627908
9_40,1.875
9_41,1.6666666666666667
9_43,1.8125
9_44,1.5555555555555556
9_45,1.625
9_48,1.608695652173913
9_49,1.4
9_50,1.8
9_51,1.7837837837837838
9_52,1.7222222222222223
9_53,1.6666666666666667
9_54,1.6666666666666667
9_55,1.7222222222222223
9_56,1.5238095238095237
9_57,1.2727272727272727
9_59,1.8181818181818181
9_60,1.619047619047619
9_61,2.0
9_62,1.55
