grid_id,IMD
0_52,7.553945127945464
0_53,7.482996830202518
100_10,34.37633048678664
100_11,37.460063065473825
100_12,31.70105395042536
100_13,20.564287882400656
100_14,15.186193438822322
100_15,17.102167714248523
100_16,18.983018831804333
100_17,21.321584317451254
100_18,23.924748578725783
100_19,41.27233706305337
100_20,65.18761232056083
100_21,55.60277871130158
100_22,39.168001255842164
100_23,32.668470899268684
100_6,12.897183725527285
100_7,24.403138496952067
100_8,43.85437943673152
100_9,54.638872782726
101_10,35.65556204956285
101_11,33.58261827297089
101_12,32.37285443737143
101_13,19.634383778026173
101_14,15.804257885639124
101_15,18.148126477706807
101_16,18.50900569783326
101_17,23.164627244680254
101_18,52.69630915179848
101_19,50.07404821178077
101_20,52.79694443635611
101_21,46.796667169066474
101_22,35.464
101_23,35.18030632412458
101_24,23.588025636132578
101_25,10.222428684680692
101_8,45.313046296634205
101_9,51.31260841442158
102_10,29.52755869173001
102_11,16.095904718465956
102_12,8.80731977892369
102_13,17.334684935029923
102_14,46.258856864283175
102_15,26.881987124339023
102_16,20.737039501089868
102_17,18.367324046362704
102_18,51.181172566796576
102_19,44.75957085571301
102_20,24.63096251573457
102_21,27.801508557457968
102_22,35.464
102_23,27.423934567795754
102_8,38.19611180471575
102_9,50.54419330079985
103_10,30.83400871087587
103_11,19.777075892715267
103_12,14.248619961849595
103_13,28.257778070371277
103_14,19.23199906629073
103_15,15.49202850178905
103_16,20.740697537015194
103_17,19.38372897328603
103_18,20.86599706649947
103_19,20.53666701719702
103_20,17.830743490063064
103_21,25.5208561212276
103_22,29.758689282147596
103_23,20.791561307087747
103_8,11.382817516538456
103_9,32.32602365550179
104_10,27.105018829184182
104_11,19.42438771869408
104_12,8.108499334404142
104_13,10.846972896997265
104_14,14.47357297651752
104_15,14.090414806306132
104_16,21.235600354195967
104_17,20.597095116502192
104_18,20.257540887671443
104_19,12.489945246012757
104_9,10.582294987031718
105_12,6.887280202193701
105_13,15.58168096480195
105_14,20.460948405882245
105_16,20.529035055594214
105_17,20.558943251328035
105_18,20.195384265058223
105_19,12.094081982701319
106_18,20.490394754484992
10_18,5.996053126547912
10_19,4.714989759335772
10_20,5.011665418875159
10_21,4.389608164234285
10_22,11.329645520651392
10_23,26.354918716451007
10_24,31.63403242542171
10_25,19.45674103413451
10_26,6.285994338625336
10_27,6.181489622081671
10_28,23.833835057986082
10_29,40.77221977896483
10_30,42.127378051412684
10_31,39.746513940885
10_32,46.95055728629377
10_33,46.13217744266374
10_34,41.67568520455414
10_35,32.35817908940402
10_36,9.240261315109446
10_37,18.23006552300544
10_38,29.731032397413312
10_39,35.49515439473629
10_40,22.82802521920077
10_41,8.155855183808754
10_42,7.677824615809985
10_43,9.727973479971073
10_44,16.123701919286333
10_45,8.434653189428323
10_46,16.510581929285557
10_47,20.093904155114153
10_48,18.73520073807804
10_49,31.19377512214074
10_50,37.949052057545174
10_51,34.73989506369255
10_52,33.990353821589984
10_53,34.156909863131965
10_54,35.33420762019283
10_55,35.92192120924692
10_56,42.46240609008929
10_57,44.16473376186847
10_58,46.635984701305404
10_59,40.98863491842484
10_60,33.6873674592522
10_61,25.309105166872378
10_62,28.534627848168842
10_63,29.779040176713828
10_64,20.83308795409096
11_20,11.376705452658822
11_21,6.372591894894905
11_22,7.110971222206208
11_23,13.257455974793354
11_24,44.71667012671319
11_25,42.981081412044844
11_26,14.853784415391456
11_27,11.553709399877567
11_28,17.519562117489965
11_29,42.58003930740522
11_30,42.87634399788907
11_31,41.764677359122736
11_32,41.95076471013104
11_33,42.81261068463151
11_34,44.59513251115352
11_35,42.071778250219836
11_36,17.004903978337364
11_37,28.928153706126487
11_38,30.12993615856969
11_39,28.10554285447267
11_40,13.99393121350982
11_41,13.112162456054623
11_42,10.616972109535192
11_43,20.399760623438038
11_44,26.449235441329407
11_45,25.47643382059069
11_46,20.781296633415728
11_47,20.32874524114562
11_48,25.612261174163045
11_49,35.73322664022722
11_50,41.38811185964067
11_51,42.17987221616545
11_52,40.78587892212006
11_53,34.44007792036402
11_54,33.66390503980019
11_55,34.89818550802312
11_56,41.10484028143834
11_57,48.06510330197904
11_58,51.182926758088335
11_59,50.66183981471235
11_60,31.64545397615795
11_61,39.20233490624767
11_62,18.25747214362914
11_63,17.633297487390504
11_64,15.246372444976448
12_19,6.506533838768398
12_20,21.026821040084087
12_21,32.0061107966875
12_22,24.68729566708796
12_23,32.979001361026505
12_24,44.005915518212504
12_25,48.97499754315764
12_26,23.416681603611856
12_27,21.04490570436642
12_28,26.734951121763224
12_29,43.356
12_30,42.92297352566348
12_31,44.82418284734467
12_32,48.499474901412846
12_33,46.977022362248555
12_34,39.24558487022461
12_35,35.445510910947974
12_36,29.330427796289644
12_37,8.529970505408532
12_38,11.286770884269131
12_39,24.529723497963438
12_40,35.03464970119373
12_41,35.29113971075337
12_42,28.057669314241586
12_43,20.95141860806108
12_44,30.365185437009252
12_45,20.903179719536226
12_46,14.612975160206418
12_47,28.791631912008686
12_48,39.809612931436284
12_49,39.46195848324394
12_50,40.38530587193307
12_51,41.367869269367205
12_52,45.97260674649017
12_53,37.71955574777257
12_54,38.30591887043362
12_55,40.23923725655907
12_56,48.64819759103992
12_57,47.72198458145583
12_58,51.93541885822726
12_59,54.456392033758945
12_60,41.14764744362474
12_61,44.42302901691632
12_62,41.854436303936524
12_63,12.737188387180622
12_64,13.266660336187423
12_65,17.584942232243332
13_20,9.848650603977603
13_21,24.486972793605133
13_22,29.067548373347265
13_23,30.58478986322061
13_24,40.49726957973059
13_25,40.42831421477729
13_26,27.38649557913402
13_27,25.61540737717841
13_28,30.44124169092041
13_29,38.64840684791872
13_30,42.08135385480017
13_31,42.87643351287483
13_32,48.73137853801886
13_33,49.62994487376384
13_34,42.67433358055043
13_35,46.54402715921019
13_36,33.59696827165077
13_37,8.421516557424763
13_38,7.687904341031294
13_39,23.276596068123418
13_40,30.92403222207167
13_41,18.990372669171627
13_42,17.94249703789969
13_43,17.00744769765277
13_44,34.44351847737845
13_45,30.82298576706384
13_46,21.93988510913254
13_47,32.787287178863906
13_48,34.22735547626643
13_49,37.37528616181096
13_50,40.67520781344673
13_51,43.10801366073249
13_52,53.838942028956474
13_53,52.460005561836184
13_54,46.46738739195354
13_55,45.69506390433781
13_56,34.12094948880504
13_57,34.25712895937218
13_58,43.935046674332305
13_59,44.80160711216761
13_60,43.48961701215452
13_61,41.315250851884656
13_62,38.275423408060185
13_63,27.499993240151447
14_21,8.952200675562082
14_22,27.705107343679252
14_23,27.47121582333309
14_24,28.07319666805264
14_25,24.58572245369718
14_26,20.982691317519773
14_27,22.03749641624268
14_28,31.818587661039736
14_29,28.940391568439118
14_30,39.4231790411081
14_31,39.38891197316374
14_32,44.544571498837314
14_33,53.233486105775356
14_34,52.62538584884959
14_35,44.02791728764454
14_36,47.50025605680961
14_37,22.291868495786133
14_38,21.61768294354186
14_39,55.67868803056402
14_40,48.894910339559914
14_41,26.67412511883928
14_42,12.793547730975893
14_43,18.314414057255643
14_44,30.540106382310327
14_45,32.40555353253887
14_46,25.565109047161105
14_47,37.61401502054786
14_48,38.57243062566972
14_49,42.13320830101493
14_50,43.765815299063334
14_51,44.43989359523917
14_52,51.04890679241031
14_53,54.761965516642114
14_54,51.52497693427694
14_55,41.613645399571546
14_56,35.670425437632744
14_57,21.44537145308068
14_58,24.176763916065788
14_59,45.75212278055645
14_60,56.65888315403968
14_61,52.02566038776266
14_62,42.470047615420235
14_63,32.980782897388224
15_23,32.68087752659139
15_24,27.078524302299684
15_25,20.442430983665105
15_26,14.893705089177825
15_27,35.80995455980638
15_28,29.864141882675405
15_29,24.818223411485725
15_30,37.76683925309072
15_31,34.68735256101307
15_32,33.52591830247921
15_33,46.618541622557565
15_34,47.464224895283
15_35,47.978694903738734
15_36,55.52502943480834
15_37,37.202159570924216
15_38,43.92424560940983
15_39,55.48995500238988
15_40,39.01946096107092
15_41,19.899656437247657
15_42,25.53492726192911
15_43,23.952590855173163
15_44,24.418492440182035
15_45,32.863987453419405
15_46,20.872419286073235
15_47,28.701625549252626
15_48,36.20018209691144
15_49,51.9510804083714
15_50,41.68912916458772
15_51,42.89825998812951
15_52,42.27280993527126
15_53,36.29345227998794
15_54,36.20322184923669
15_55,38.528737053352
15_56,31.928531737287344
15_57,18.71553674174475
15_58,17.162530223389673
15_59,27.808020043827177
15_60,27.379557545090265
15_61,17.445607068789883
15_62,10.765493339039809
16_20,8.536925077432741
16_21,5.576728913932243
16_23,33.23117623376845
16_24,27.204511558650676
16_25,23.836776972750858
16_26,24.820415499261372
16_27,39.853799902209744
16_28,30.68819195731662
16_29,28.080001909595765
16_30,41.85906370946468
16_31,34.12374626288328
16_32,37.81483042190824
16_33,42.75094945426466
16_34,40.573735971784
16_35,48.08127398109007
16_36,56.14891897393508
16_37,39.66842535343228
16_38,39.27087344028331
16_39,51.08467795439957
16_40,22.999420174727774
16_41,37.397605828881254
16_42,43.209535994887304
16_43,41.216721762091794
16_44,20.883691269162483
16_45,29.016607034497007
16_46,29.053002488291703
16_47,29.038
16_48,38.266162330904564
16_49,49.702108228578275
16_50,37.74851544423109
16_51,41.3243950935279
16_52,39.15070771067364
16_53,36.967067429660105
16_54,37.776556597253965
16_55,38.02483329682269
16_56,35.79266193314663
16_57,33.39962137617948
16_58,27.229273341067884
16_59,25.068314813962235
16_60,15.294192882395851
16_61,10.644
17_19,13.109677243111244
17_20,10.697359385686289
17_21,5.541298211916028
17_22,4.763999609975027
17_23,16.54779612118879
17_24,30.702270060050886
17_25,23.73084072991417
17_26,32.310237756709896
17_27,41.6976169846775
17_28,38.66156702463627
17_29,27.962255490885674
17_30,29.355008170243927
17_31,23.240747004400642
17_32,33.65298542784267
17_33,35.7676046471788
17_34,37.48887609250537
17_35,47.736151756486386
17_36,56.79106676023742
17_37,39.749801175518016
17_38,37.404
17_39,34.286438453477665
17_40,27.35392649826402
17_41,46.119079094823526
17_42,53.08267664246573
17_43,34.11079263276133
17_44,23.15455175912941
17_45,27.97566418030784
17_46,31.786967124741878
17_47,40.75030062886438
17_48,53.47534894944631
17_49,41.674210221502314
17_50,35.05267255984296
17_51,35.262752381136956
17_52,37.231456869758105
17_53,38.511050631871754
17_54,38.02
17_55,38.02
17_56,37.92575791117648
17_57,33.64961439762315
17_58,24.099487313483525
17_59,12.932782379526273
17_60,10.644
18_19,17.223630686202092
18_20,12.648123289004962
18_21,11.538361886370817
18_22,7.698637748543918
18_23,18.358990696578616
18_24,17.569366130154357
18_25,23.824310124271005
18_26,30.769757957808434
18_27,44.435697615500416
18_28,44.74457819788106
18_29,32.28208622529063
18_30,31.381816429972666
18_31,25.003690280467705
18_32,26.051529601081704
18_33,38.38078665364633
18_34,25.621157088106457
18_35,39.65236464152163
18_36,58.77518195263313
18_37,41.37337304989423
18_38,36.92128945983894
18_39,37.08527874902562
18_40,38.372806197392435
18_41,35.79698447689399
18_42,36.980515345226166
18_43,42.093805325164055
18_44,33.59377016296218
18_45,41.902785048142846
18_46,42.08331926114114
18_47,45.256150340394875
18_48,52.855086917907556
18_49,47.639868735471545
18_50,34.44263048936127
18_51,32.68924372978054
18_52,47.23577855993712
18_53,44.94217828260387
18_54,40.914431555327475
18_55,37.858294928281346
18_56,29.426439578889937
18_57,36.309423008009965
18_58,31.5156477142136
18_59,12.47829509650064
18_60,11.628130994328544
19_20,12.708
19_21,17.17230925919547
19_22,27.121490864599398
19_23,21.720126190368465
19_24,11.767611865944545
19_25,15.130093596349212
19_26,19.951820499149086
19_27,23.15745353878937
19_28,32.43136390020457
19_29,32.418977492353676
19_30,37.58446376268534
19_31,36.87610953091692
19_32,30.377065357549395
19_33,17.418880237782233
19_34,21.431059037419505
19_35,30.012518285853478
19_36,43.67232931479797
19_37,33.78190540855961
19_38,34.22369738292247
19_39,44.63704312773904
19_40,47.35754699355117
19_41,40.20362020457144
19_42,58.54280980584974
19_43,62.37266492207452
19_44,41.00810757891222
19_45,48.15777909163595
19_46,36.578823461164944
19_47,43.09606041507375
19_48,58.015660207171976
19_49,59.84050514733036
19_50,43.87934910760461
19_51,23.987897944014776
19_52,41.265138876446116
19_53,42.44676946619952
19_54,35.037698358718025
19_55,28.755648167959347
19_56,10.423622976429016
19_57,26.081069419939098
19_58,29.279967112462312
19_59,32.95743350259304
19_60,32.82169572797485
19_61,25.908763525229602
1_52,6.2331218633780985
1_53,5.83019274250241
1_57,8.835292451463262
20_21,9.642767586211772
20_22,40.658241219194814
20_23,33.00147151914244
20_24,18.556714881260113
20_25,7.302561752524443
20_26,10.89607661599304
20_27,15.719690593592825
20_28,25.46515067910543
20_29,24.442813272360286
20_30,40.31264262910794
20_31,37.496242922078835
20_32,23.57714530844694
20_33,16.500192642462345
20_34,15.398394585479721
20_35,23.526105819603544
20_36,22.324688641357938
20_37,30.558536977580307
20_38,32.37120925299682
20_39,46.12916860068194
20_40,23.762096040671466
20_41,46.46975243635276
20_42,50.83942788099786
20_43,59.61932527018192
20_44,39.11124070455196
20_45,32.5354976471937
20_46,32.483824256145624
20_47,41.40472348789967
20_48,49.72388336847912
20_49,55.009666209532774
20_50,40.98933596959155
20_51,33.67383367283364
20_52,42.94871983496341
20_53,42.72753718322152
20_54,39.50325131458409
20_55,28.170706911312262
20_56,16.064449803951277
20_57,28.23882835276032
20_58,21.649831375225197
20_59,34.816309822646346
20_60,36.255207181472784
20_61,31.816229338870357
21_21,8.120407400922804
21_22,18.015639096606865
21_23,20.581611332590697
21_24,22.15565645338938
21_25,14.505610741845993
21_26,10.549861041726386
21_27,27.296619373030076
21_28,28.694766023384936
21_29,18.65612473824963
21_30,30.090067729251153
21_31,33.47417256244606
21_32,30.935767559090742
21_33,26.408297495805297
21_34,27.385850645006045
21_35,21.573253070252733
21_36,22.344735242615535
21_37,28.98363188718276
21_38,25.63903625824112
21_39,31.5631916285422
21_40,27.35544165207252
21_41,28.432607324958827
21_42,46.10780156547392
21_43,59.248951983850034
21_44,34.939514650892974
21_45,19.744460159461223
21_46,35.14281515463794
21_47,40.403352817121544
21_48,40.85046307637411
21_49,41.49124046467492
21_50,44.5646562861283
21_51,40.2747649871669
21_52,38.280514319182295
21_53,40.72302655333645
21_54,41.58431829496978
21_55,26.626369135388867
21_56,24.064617098767464
21_57,18.853570818469056
21_58,14.997906843604447
21_59,18.45470017694816
21_60,15.050904743120135
21_61,20.855978775688733
22_21,9.396880730517308
22_22,10.77263528458228
22_23,12.140339026700408
22_24,21.35367300572482
22_25,21.9494800456374
22_26,21.94234144928614
22_27,30.652887814301835
22_28,39.03755404696593
22_29,41.116491086338215
22_30,37.78188000423437
22_31,32.302031216445684
22_32,36.82878938366765
22_33,21.848867286972038
22_34,31.978684424355503
22_35,34.58356209802321
22_36,25.537371136791833
22_37,26.149406800601998
22_38,21.261295197077693
22_39,34.237867317711164
22_40,30.19587478923324
22_41,19.201948474287196
22_42,35.69841362465166
22_43,43.24425117503411
22_44,30.936502540061827
22_45,13.078959892107903
22_46,32.9543378376462
22_47,36.45536346398052
22_48,39.711241272839075
22_49,38.629803009774214
22_50,43.78831245384115
22_51,40.45559170551164
22_52,36.694205124025096
22_53,35.843845645228065
22_54,25.560917812177216
22_55,28.7533830940787
22_56,34.599495558814574
22_57,25.636200791360366
22_58,18.560273589839234
22_59,22.332620885948486
22_60,17.836355326712425
22_61,14.528339355968608
23_12,23.171685746296692
23_13,21.20023691192448
23_22,7.844562296046435
23_23,7.854397268393924
23_24,9.365664305415228
23_25,14.599943722657253
23_26,20.748751222392233
23_27,28.76721135818496
23_28,27.82376673475304
23_29,36.90343009356255
23_30,34.65336308447483
23_31,25.230116640562436
23_32,44.35203275438076
23_33,38.599907538704095
23_34,25.48600200470362
23_35,28.818666151240144
23_37,28.5631656160121
23_38,29.356233540027148
23_39,53.55521259787322
23_40,53.52517875314147
23_41,34.74463022377253
23_42,39.806700833357
23_43,41.364704294212466
23_44,33.621
23_45,35.95923093022672
23_46,39.52067695395073
23_47,39.78069748769762
23_48,46.366564987596796
23_49,41.26252503843684
23_50,38.554789590322514
23_51,38.53045662631866
23_52,35.00221213926197
23_53,26.772689110338565
23_54,28.07832170505446
23_55,30.120723735751653
23_56,33.320695044083784
23_57,21.38149234619241
23_58,31.543526494209416
23_59,42.68379310729728
23_60,31.677336192405015
24_12,46.565134245101845
24_13,41.463962815318965
24_19,9.306676627455717
24_22,6.274448873951675
24_23,5.889090023701216
24_24,5.968959902825353
24_25,7.964598393584202
24_26,13.583984339307417
24_27,18.3196501296379
24_28,18.21203280319361
24_29,28.128569713619786
24_30,37.31814087641528
24_31,37.759329446392
24_32,40.278092216391485
24_33,38.10415137916725
24_34,29.5508712982951
24_35,27.490889544867713
24_36,24.757235753775348
24_37,24.34712488396337
24_38,40.166846764320624
24_39,55.71511165218813
24_40,48.154435130205286
24_41,45.345301095931845
24_42,46.38
24_43,42.37888483029337
24_44,28.512047731656754
24_45,36.04090901676413
24_46,39.51391440808662
24_47,37.33352140801504
24_48,43.39404104540685
24_49,41.07376869296779
24_50,41.58627907191358
24_51,41.57991385679003
24_52,40.909465777227595
24_53,35.585184757445106
24_54,34.24788697308539
24_55,26.007853088257058
24_56,21.340981882528524
24_57,18.38942206595208
24_58,27.890500544962322
24_59,48.24572388413694
24_60,52.75565195210919
24_61,48.12541444966837
24_62,18.30123498256704
25_10,21.730897003916674
25_11,41.12480722432768
25_12,53.690811114928934
25_13,37.27354590476887
25_18,21.124
25_19,16.77394797616301
25_20,9.754801204889164
25_21,11.879642229291285
25_22,8.02160167653354
25_23,12.773988385113233
25_24,9.114092338370927
25_25,9.62695053733069
25_26,17.226044611899386
25_27,12.496669848595975
25_28,18.611765056128135
25_29,33.09873177072121
25_30,29.578025022707436
25_31,25.245784925977034
25_32,40.79616379792168
25_33,32.19405943133221
25_34,33.355420562212785
25_35,32.344401122756565
25_36,28.9299012247345
25_37,37.92029638193353
25_38,44.810480053945824
25_39,45.15703220500065
25_40,43.6949750957277
25_41,43.297884570683024
25_42,44.174237242079414
25_43,30.37991230784986
25_44,32.03788772995959
25_45,39.69707529046995
25_46,36.85646941675397
25_47,34.840080190648344
25_48,35.445802468536634
25_49,38.931175876704174
25_50,41.471095633940436
25_51,41.40495274362662
25_52,42.35704587473514
25_53,40.16990288222319
25_54,39.24859785888909
25_55,32.89684004879461
25_56,18.915484631988612
25_57,29.725489985290125
25_58,46.63257106683373
25_59,51.24145566431102
25_60,51.61543964506486
25_61,44.62203975792313
25_62,24.461797462519332
26_10,28.094590279033664
26_11,25.747797951293702
26_12,39.994978826120075
26_13,46.68339341946451
26_14,24.663238189580774
26_18,40.91589084084879
26_19,44.40586241132527
26_20,25.882353126084602
26_21,31.962984197252553
26_22,32.83270258087651
26_23,35.593413785968515
26_24,21.725197254866607
26_25,18.116186655601272
26_26,18.208771816272456
26_27,24.41830298573718
26_28,39.247412957236214
26_29,32.09671627134395
26_30,23.981743463959162
26_31,35.737049372343805
26_32,48.52096419102286
26_33,43.73524006599204
26_34,43.79989941113933
26_35,43.752801690787805
26_36,36.40586993366974
26_37,40.83215776961979
26_38,47.673261582355664
26_39,46.213064214166835
26_40,43.3225437502737
26_41,34.76659554723356
26_42,32.06590356754316
26_43,34.31414090304517
26_44,38.08726906182379
26_45,39.69157702878817
26_46,34.03065625370531
26_47,34.55543217010954
26_48,37.293578233869525
26_49,41.19454776678627
26_50,48.92279672228537
26_51,47.394368736778716
26_52,42.54390182923855
26_53,40.44495783194217
26_54,32.870418694847686
26_55,22.67304206324761
26_56,50.99674427097089
26_57,53.80979375184766
26_58,53.733728372212894
26_59,50.27672862477887
26_60,43.94877300949321
26_61,40.985473161282684
26_62,12.384422909624078
26_63,7.218690987569318
26_64,14.55776416728728
26_8,9.454380870751862
26_9,22.447293288831005
27_10,28.587752668765955
27_11,25.05423211959563
27_12,34.11221036365212
27_13,51.19696647929591
27_14,26.314636517761556
27_17,23.95984275429928
27_18,46.13339927811098
27_19,53.1435248686861
27_20,33.554129316575796
27_21,31.476064144958322
27_22,44.58173979014509
27_23,51.51268160001146
27_24,22.999415331870228
27_25,21.14581807309697
27_26,21.383036346671354
27_27,34.138887776453075
27_28,35.26843339704849
27_29,22.24123836979432
27_30,22.948006645786432
27_31,32.61475632229168
27_32,39.45476201999302
27_33,42.65343288500054
27_34,42.72736584503834
27_35,41.682652404651506
27_36,34.13602863884024
27_37,39.01648534579714
27_38,50.62686130837328
27_39,43.70266034641734
27_40,42.96775140854847
27_41,36.41905043990649
27_42,34.876350397628435
27_43,35.70664289736149
27_44,45.51923447586734
27_45,36.33763643081553
27_46,31.181069129907073
27_47,28.007260053399367
27_48,33.22806151487759
27_49,31.210321190592563
27_50,45.269730718122744
27_51,48.65396844206869
27_52,46.508432927653935
27_53,41.98835905087595
27_54,37.553457025272955
27_55,36.69616553887417
27_56,46.142783372191744
27_57,51.95259557751562
27_58,54.307542407086665
27_59,46.57580890081317
27_60,41.644750199975874
27_61,35.15197937458304
27_62,14.675877104276111
27_63,19.337528066052563
27_8,19.204693063976386
27_9,37.01810561682283
28_10,30.17157980515922
28_11,42.09597385368659
28_12,43.790835812174336
28_13,48.295617968681235
28_14,34.87078434697946
28_17,32.371
28_18,41.2844707554886
28_19,43.4300827051511
28_20,26.90120012190232
28_21,43.421209716899284
28_22,53.25586489956473
28_23,57.97161998853876
28_24,29.937853875109553
28_25,19.084082664728964
28_26,18.81289696153461
28_27,23.18487806354017
28_28,26.70618718458857
28_29,26.863963551522843
28_30,33.71347964612996
28_31,35.7187854191062
28_32,35.503607415686616
28_33,39.4843986223245
28_34,44.97338154634409
28_35,42.18707466965796
28_36,38.404204805529034
28_37,42.124044313102885
28_38,42.69387435059081
28_39,40.54118133465434
28_40,44.116880994000134
28_41,40.29270655894502
28_42,35.905110727125916
28_43,36.16043872040842
28_44,37.40149075527317
28_45,53.2128105097231
28_46,41.34176929477598
28_47,27.409888600374224
28_48,25.597591607227677
28_49,31.14710776829436
28_50,43.410270025039715
28_51,52.11333989504145
28_52,48.22018208199124
28_53,48.382658565582595
28_54,43.71745376005404
28_55,44.87736191983526
28_56,50.32198367664627
28_57,51.81736968852658
28_58,55.901881105184515
28_59,49.56751284056226
28_60,39.75973735247399
28_61,21.174506542987633
28_62,26.839499792912516
28_63,30.892268559640613
28_7,12.10728978773803
28_8,42.17370611012476
28_9,37.18725737299648
29_10,42.50378811890842
29_11,40.13542323066398
29_12,40.768814233164726
29_13,37.83063817820603
29_14,52.247421501269635
29_15,29.45414568139443
29_16,32.371
29_17,33.078793548206505
29_18,56.46518688179789
29_19,44.69863738969941
29_20,40.76437308441633
29_21,47.18915124603186
29_22,53.30748060612492
29_23,49.03480139050798
29_24,37.79495305612109
29_25,27.922603224412324
29_26,20.82516414947723
29_27,16.377351219039333
29_28,19.794533841856804
29_29,31.578651692469997
29_30,35.32586643077732
29_31,37.02227448554162
29_32,32.052231394424275
29_33,36.77019874258614
29_34,44.78696651709269
29_35,45.28920785173035
29_36,43.85476824893959
29_37,52.58011892629586
29_38,55.0181950124906
29_39,38.516241331736296
29_40,40.09008611512233
29_41,28.913658194222702
29_42,39.01707349489763
29_43,46.53802980497013
29_44,42.21620063382396
29_45,56.17589422422275
29_46,49.6533834070176
29_47,29.123750403171396
29_48,31.302587599747753
29_49,34.11722743689064
29_50,37.91969309504399
29_51,46.64480650197704
29_52,48.98855862957318
29_53,54.123098978957
29_54,59.71890530630368
29_55,47.79336735373545
29_56,49.254627407615985
29_57,47.9987646946756
29_58,51.18768197229848
29_59,54.329428014941584
29_60,53.50244060065213
29_61,40.11141530867512
29_62,36.32496807185755
29_63,29.510208108271684
29_64,24.128667999988163
29_8,37.098126506199804
29_9,43.091
2_33,10.214571803462212
2_35,15.330589432789502
2_51,15.166351341263432
2_52,15.428339559816187
2_53,6.475646024660682
2_55,6.6753243910097035
2_56,9.668415173003432
2_57,11.666355879685899
30_10,38.077465190987986
30_11,34.653283977371586
30_12,23.059471821037807
30_13,19.41381406732179
30_14,37.8202088451594
30_15,52.50584162955659
30_16,43.775013137976224
30_17,46.41811562923806
30_18,57.20124050114859
30_19,44.91874991360182
30_20,36.162785998030394
30_21,39.93864156063378
30_22,48.88542623301984
30_23,51.825517781097844
30_24,40.38182201224836
30_25,34.19433087159735
30_26,18.003901695053766
30_27,17.02977117088589
30_28,19.659233325716365
30_29,26.35531805331124
30_30,36.747555102302734
30_31,40.88481993148622
30_32,34.12964778695774
30_33,33.3754555991995
30_34,40.05924763930903
30_35,44.94424928615141
30_36,43.35916886725198
30_37,51.733613494840085
30_38,40.741970956466744
30_39,32.7059059082576
30_40,27.808
30_41,26.59345690320554
30_42,23.167045991357142
30_43,33.81461186307195
30_44,34.78179968630896
30_45,50.08671598848151
30_46,31.53705902084095
30_47,32.07083582177897
30_48,40.72683206314497
30_49,40.09472649241403
30_50,45.16734620677124
30_51,52.48806869012386
30_52,58.58814119970636
30_53,57.8436696169774
30_54,54.11043594742394
30_55,47.615085724312124
30_56,44.86480789144639
30_57,53.048086563800915
30_58,57.88975834408312
30_59,65.11547716484003
30_60,64.18897875697188
30_61,46.538935250572315
30_62,18.87274432380399
30_63,14.842747617071
30_64,14.791
30_65,14.826099508478183
30_9,35.20018836508696
31_10,30.112580425944255
31_11,52.433777504037536
31_12,31.15651333136303
31_13,21.882053013796995
31_14,26.330464683634403
31_15,32.6935883463317
31_16,34.92772170337698
31_17,33.835893206913994
31_18,45.0815268699265
31_19,47.53448500688067
31_20,44.224461047812525
31_21,59.27615048239448
31_22,42.04992274732129
31_23,48.107313126595365
31_24,42.31137009958264
31_25,21.383820900162284
31_26,14.738451171146863
31_27,16.60411133304139
31_28,17.95993579708203
31_29,22.837840933372025
31_30,41.10246361927959
31_31,41.87936581772387
31_32,49.78848649832021
31_33,40.34439418251096
31_34,38.834376256121445
31_35,40.394431165459245
31_36,39.16513907819732
31_37,34.050861885316586
31_38,29.08741029
31_39,28.736994642378352
31_40,27.808
31_42,23.184714353421008
31_43,29.35745937146008
31_44,41.98746167026373
31_45,25.777000778399692
31_46,21.56365285864947
31_47,25.403638544928445
31_48,31.741163518283376
31_49,29.03543074216782
31_50,28.5913583298326
31_51,37.05143622938286
31_52,48.06371497458642
31_53,54.29471791349404
31_54,43.8609292007956
31_55,38.84400139715873
31_56,57.6800683823583
31_57,58.69854383944591
31_58,61.527615756552976
31_59,62.87182197365753
31_60,59.476947591399814
31_61,29.062554348641207
31_62,15.232373957680043
31_63,25.159481124203793
31_64,19.43717800754863
31_65,14.839710661082421
32_10,26.861703015017195
32_11,53.6158232722196
32_12,36.83950851108064
32_13,26.545963015446297
32_14,28.805166522994362
32_15,27.374149438935415
32_16,19.650803812628702
32_17,36.932785448913805
32_18,37.76629406994076
32_19,44.302134324227055
32_20,49.656536841030196
32_21,49.7999701638215
32_22,32.76932537550574
32_23,26.265757656678893
32_24,19.123638890132906
32_25,12.837386507000186
32_26,13.801904714371888
32_27,16.008525638096017
32_28,27.56240890075477
32_29,27.141864156033048
32_30,39.43354415061248
32_31,40.1261064824707
32_32,47.222410508951455
32_33,51.461381991645574
32_34,41.54313409853817
32_35,42.76182180878846
32_36,41.38682374239561
32_37,40.965
32_39,35.72813975829545
32_40,26.63968651640494
32_41,24.10461283263024
32_42,23.399893151798825
32_43,31.380095789717537
32_44,23.299871804706992
32_45,20.210699541308543
32_46,24.841876662144884
32_47,25.56874730019743
32_48,20.6640627004369
32_49,16.74885360233464
32_50,12.901012560402211
32_51,22.725073339238904
32_52,28.655797940595267
32_53,30.038409120313034
32_54,26.491283162845285
32_55,23.193213142302334
32_56,29.38216370548109
32_57,40.40213341640843
32_58,46.88277235711496
32_59,44.42368470646865
32_60,20.814377428486427
32_61,18.112776538427134
32_62,18.525934039519967
32_63,26.45994908008742
32_64,13.740847907414963
32_65,14.114027774221485
32_9,8.892804171235472
33_10,24.09093488493655
33_11,38.52077163970565
33_12,44.568414472093465
33_13,28.256743582111607
33_14,30.214176010835416
33_15,27.742903788045403
33_16,33.52574834032401
33_17,30.30610013370953
33_18,26.796100934724706
33_19,27.735066852943906
33_20,38.18498636808026
33_21,38.96686745645183
33_22,27.30702672552438
33_23,27.036766683486828
33_24,22.21230427947103
33_25,14.874362246389802
33_26,17.155444361174286
33_27,19.091928621228032
33_28,37.87537506647647
33_29,27.86106663673678
33_30,33.61404521885704
33_31,40.678837603666324
33_32,47.315121214200225
33_33,55.51944969809632
33_34,45.37021080455648
33_35,43.82214877687881
33_36,44.520066804529556
33_37,45.35290842676174
33_38,41.18752617285123
33_39,31.602424824146308
33_40,21.20341020740314
33_41,22.975251660712303
33_42,22.425429456602295
33_43,16.38445259769412
33_44,12.686
33_45,22.359517358962655
33_46,33.01101217723724
33_47,33.90992407293655
33_48,22.801858857013908
33_49,13.859180128950658
33_50,11.134509139341276
33_51,12.170047012827679
33_52,16.766160178906954
33_53,15.310432137442156
33_54,13.707
33_55,15.862340688725805
33_56,26.226175183067447
33_57,28.2559360943766
33_58,29.46610243758237
33_59,32.97344174600377
33_60,23.629039074012386
33_61,21.44931809873988
33_62,18.301748301179536
33_63,14.506104736807945
33_64,9.789367459023657
33_65,10.771834947347033
33_69,16.353587407427394
33_9,11.786571656810379
34_10,19.483423248342792
34_11,35.43319686240579
34_12,54.80141790697752
34_13,36.18011044171169
34_14,35.622909820060954
34_15,33.93008537675063
34_16,31.16221438086957
34_17,29.723438702739244
34_18,40.48419713804148
34_19,31.069523738890688
34_20,28.672852329557706
34_21,23.88485285636507
34_22,27.379570420304088
34_23,29.705955034600382
34_24,21.57515005607184
34_25,15.609569740516193
34_26,20.305171813460785
34_27,19.598862167795016
34_28,32.28769495000892
34_29,29.347625943864553
34_30,30.784638078292886
34_31,34.1430624950157
34_32,56.97603776660333
34_33,59.25582298584531
34_34,53.362762439130776
34_35,45.70596844504744
34_36,44.53917370291566
34_37,41.24117754235077
34_38,44.61017717601855
34_39,14.962079418846193
34_41,25.208284967153862
34_42,24.489606516437053
34_43,19.582738672557685
34_44,13.439523497775495
34_45,18.117511724917595
34_46,23.84999517289747
34_47,26.58807668471823
34_48,15.323945211016618
34_49,8.95996936262141
34_50,8.018456983727726
34_51,7.133404308968502
34_52,10.095847071293912
34_53,13.707
34_55,14.172169543527058
34_56,25.077527362075003
34_57,27.745834305108104
34_58,27.741267921350847
34_59,18.955859466642178
34_60,19.612960481468797
34_61,24.712097675948666
34_62,28.244610467506526
34_63,14.349977452241749
34_64,9.755
34_65,9.759787986449298
34_66,11.246012980077262
34_67,16.985325121637246
34_68,21.747052379094523
34_69,35.160462397045485
34_9,12.98470847167029
35_10,47.21844957656431
35_11,36.70603495904241
35_12,29.069491891521412
35_13,46.694696577722034
35_14,27.03395974306924
35_15,25.81085360451153
35_16,25.618810816186762
35_17,30.1171630090797
35_18,26.527835908254993
35_19,24.16287816552777
35_20,20.148290479793854
35_21,17.87461338841576
35_22,27.25302004821457
35_23,30.56702462136835
35_24,27.005361021130724
35_25,16.322341527586083
35_26,14.447802659878636
35_27,16.458628703721402
35_28,30.661490734306405
35_29,31.615279137406123
35_30,39.78927607235626
35_31,46.030362963690436
35_32,59.07104966488711
35_33,59.87244524156145
35_34,53.42640009632696
35_35,50.78580374690127
35_36,41.03759904365231
35_37,40.92850514880439
35_38,34.909820337261856
35_39,14.244
35_41,22.43523742219422
35_42,22.652034005128627
35_43,18.06413607734156
35_44,16.52827017826919
35_45,16.540084873333125
35_48,8.061578348043206
35_49,9.22452805784484
35_50,8.448845161872661
35_51,8.811328264918798
35_52,9.681767491585116
35_56,16.90733137189534
35_57,27.44713473212572
35_58,29.549926045760017
35_59,29.587688998485017
35_60,27.498267624813554
35_61,26.57961502454835
35_62,29.31848531420623
35_65,10.641224541274237
35_66,17.94460386995346
35_69,19.49276527788203
36_10,59.460214593675474
36_11,50.917521970311384
36_12,17.912268349782934
36_13,11.954526952928049
36_14,11.542530187807793
36_15,19.880726776493432
36_16,17.36815979828319
36_17,24.036671668922175
36_18,20.673179102086383
36_19,20.38826180030862
36_20,20.950580228537728
36_21,20.867791559809092
36_22,24.35057078179925
36_23,26.509381103717946
36_24,18.47594282379937
36_25,14.24598354372564
36_26,11.521337446999397
36_27,13.221461175687068
36_28,29.326167798981096
36_29,35.10053502223422
36_30,46.524415102981024
36_31,51.566510519197735
36_32,57.861776046228236
36_33,54.57747021418612
36_34,45.310109189344274
36_35,49.88270685601698
36_36,45.765622119511
36_37,39.78655811808176
36_38,23.936954713955803
36_39,15.220919533696325
36_40,18.80352209550125
36_41,25.630461075437676
36_42,28.81948710634171
36_43,18.225850119289124
36_44,15.690120951913958
36_45,15.668871248591346
36_46,15.960387798008744
36_47,13.57801343748533
36_48,8.103365664136794
36_49,9.349131186098932
36_50,8.58612345696952
36_51,9.780009457020338
36_52,10.745437094312717
36_54,12.760016403746032
36_55,12.680208626971819
36_56,15.028018442976355
36_57,27.353538668289037
36_58,32.35208254439315
36_59,32.54
36_60,32.22898730698294
36_61,29.499356584632217
36_62,29.477
36_63,29.477
36_64,24.801876201747575
36_65,23.963390236792552
36_66,19.19376001687619
36_67,22.528440282573897
36_68,24.040748285292786
36_69,19.827188927975307
37_10,59.93380925706831
37_11,61.648356110331136
37_12,43.84928778531253
37_13,19.697520500547554
37_14,14.685554737831406
37_15,20.60543384240496
37_16,17.762408155477743
37_17,21.00878774246158
37_18,25.55567963695328
37_19,21.826303228856684
37_20,18.450818249550085
37_21,17.61258132778589
37_22,14.78809630174306
37_23,13.530521143721923
37_24,12.352580993172294
37_25,12.35639117677564
37_26,9.445803461455894
37_27,13.425631566067803
37_28,41.781683717204785
37_29,32.84620612343888
37_30,45.01634815798107
37_31,48.02198645881617
37_32,48.800975641788774
37_33,52.935697353472364
37_34,52.22976836172689
37_35,48.94248424458706
37_36,48.92555290591429
37_37,37.32301369907089
37_38,25.550315381384504
37_39,18.955438422784407
37_40,20.528597493628848
37_41,29.43353853815242
37_42,25.096404923847043
37_43,20.43347546857447
37_44,17.83808947548369
37_45,15.343042166832138
37_46,13.68877146277509
37_52,11.892665038901786
37_55,13.604884589353421
37_56,26.21504334621322
37_57,23.062755315242224
37_58,31.177751851798536
37_59,21.282734349935183
37_61,22.185494870346552
37_62,28.014166912610023
37_63,29.27887729641053
37_64,25.81465600694264
37_65,43.03353055414387
37_66,34.674281687880026
37_67,31.28293822154738
37_68,25.332461691824662
37_69,21.37501045034775
37_9,29.27634637853511
38_10,22.830985776262636
38_11,45.236656604753456
38_12,59.15347910221049
38_13,28.281112036712425
38_14,28.869121292496622
38_15,28.060472218731416
38_16,28.54269651896794
38_17,26.601262250445693
38_18,28.936561901098955
38_19,30.49678650165429
38_20,18.873499747506422
38_21,19.757668761808226
38_22,16.748873358961085
38_23,12.334
38_24,12.334
38_25,12.334
38_26,11.135296308586536
38_27,9.974952879303343
38_28,52.454764590746635
38_29,50.16388625560606
38_30,50.21071689965663
38_31,45.860703213911165
38_32,42.41248488209178
38_33,59.958380696487914
38_34,61.796514194384464
38_35,55.7928306109242
38_36,50.60385854420609
38_37,39.2892624290124
38_38,24.74716420236963
38_39,16.844214543044806
38_40,20.38700765511086
38_41,30.332977739235606
38_42,24.54902383525273
38_43,21.4967035527687
38_44,20.11820313314326
38_45,13.161474063287502
38_46,10.787162325597727
38_47,11.144170885260259
38_48,11.145517837720071
38_49,12.341
38_50,12.341
38_52,12.577779609708564
38_53,12.665107960500118
38_54,11.377494075517145
38_56,19.242734509582768
38_57,8.464421170553964
38_58,8.987065067098735
38_59,12.512427462935484
38_60,19.89417197549318
38_61,19.834627869170625
38_62,25.422897808989923
38_63,20.726789166688032
38_64,19.81747516941801
38_65,27.661400216960224
38_66,39.425990407983804
38_67,37.00666071110753
38_68,27.964682348132126
38_69,16.598757391477644
39_11,24.117929003362278
39_12,36.34242448219782
39_13,33.333076628324015
39_14,31.121047255418475
39_15,39.147088869165614
39_16,38.2420525266014
39_17,33.385625251698606
39_18,25.98000141952852
39_19,34.31566535363608
39_20,28.872136625746432
39_21,22.738068362194603
39_22,19.140215406425106
39_23,12.444947644286627
39_24,14.12557990655806
39_25,17.978257050694246
39_26,14.626122853168454
39_27,20.531357539775257
39_28,40.73230762836947
39_29,38.8085804115174
39_30,31.2565445448021
39_31,32.98393505902611
39_32,42.988134262100765
39_33,58.29161466518609
39_34,64.14639686659899
39_35,61.25122815178166
39_36,50.19149936189159
39_37,38.321256399649265
39_38,29.24240375195672
39_39,23.16795280481572
39_40,22.93303517432691
39_41,29.221969761841926
39_42,22.931480604662276
39_43,22.6744415772375
39_44,23.542634740025846
39_45,12.730178055756337
39_46,9.2457932912552
39_47,9.50205873583355
39_48,10.327633697255092
39_50,12.341
39_51,12.089895605980715
39_52,9.281679874678444
39_53,7.304454258369036
39_54,7.251511797842297
39_55,7.703923108644362
39_56,7.710932109218163
39_57,8.317935706892202
39_58,10.625334113037262
39_59,16.898047851640083
39_60,17.70672150930762
39_61,12.981429293503883
39_62,17.351932704551686
39_63,7.881039023290647
39_64,15.45025640224324
39_65,20.928
39_66,20.8367348788023
39_67,19.697651691117898
39_68,27.763127057254756
3_30,10.057148742560479
3_31,10.8683870500312
3_32,7.891159098811027
3_33,4.569579011060554
3_34,5.568475591925638
3_35,13.171407829111233
3_36,12.68921907606385
3_48,9.713804103601323
3_49,8.230716036413579
3_50,9.25897764748692
3_51,17.002195941344304
3_52,15.834329459775907
3_53,12.271699187703273
3_54,15.25089366430874
3_55,15.537024673767243
3_56,12.29859309494562
3_57,10.918667605469091
40_12,21.24302064232625
40_13,51.57685747521724
40_14,25.10420952035333
40_15,41.47701986488441
40_16,49.48922798321324
40_17,51.26700911299179
40_18,28.413618460156236
40_19,37.84739300068715
40_20,27.407677954683027
40_21,23.394382096586085
40_22,22.04384257568948
40_23,15.363887727839447
40_24,23.88466627009683
40_25,24.40119659091611
40_26,24.422129953941834
40_27,27.344780451705855
40_28,31.670587094485477
40_29,31.020255174052856
40_30,23.389747375504005
40_31,25.40613465759777
40_32,40.769766673876546
40_33,55.165950741359005
40_34,55.68006958861034
40_35,57.95012790017361
40_36,54.60241536312111
40_37,44.756838566464396
40_38,32.11455491295057
40_39,27.027181713215025
40_40,28.920001539787453
40_41,28.518124000424432
40_42,22.942530429953
40_43,23.491721888759606
40_44,27.701418527620753
40_45,25.412558086290616
40_46,15.273115550988154
40_47,13.163199127092748
40_48,12.341
40_49,11.408403034448462
40_50,8.793016161695771
40_51,4.978554662134241
40_52,5.4127394825648025
40_55,7.023437168078129
40_56,7.118574129462266
40_57,8.29726036953624
40_58,8.47149005196304
40_59,9.261260394516938
40_60,9.385226515692866
40_61,6.952065331556521
40_62,6.3918919656855415
40_64,5.836263927210967
41_12,29.757283638682498
41_13,59.62855651377812
41_14,22.417086385287128
41_15,25.58615460369472
41_16,24.618844641110098
41_17,24.542954181331798
41_18,28.990285669579922
41_19,33.13794305954499
41_20,23.470747833659374
41_21,22.62106611104231
41_22,19.034258041141044
41_23,23.438017351822452
41_24,33.88973655644708
41_25,42.33979820361196
41_26,48.784685645018534
41_27,49.10533223944422
41_28,40.73919643758572
41_29,22.26206665688016
41_30,23.989257897596726
41_31,42.733953665638886
41_32,51.54269168220351
41_33,55.3464823736246
41_34,55.44812497108478
41_35,52.69196222015884
41_36,47.30404785007536
41_37,45.14121515107246
41_38,30.80784287228734
41_39,33.773877910630716
41_40,36.614251729453734
41_41,31.187435639051955
41_42,23.233356276893772
41_43,26.215740506948855
41_44,31.090248808576415
41_45,32.37799554267437
41_46,21.85320794491465
41_47,14.50354775629295
41_48,11.59084422059099
41_50,6.274431253100406
41_51,4.817266687410304
41_54,3.96
41_55,4.090479797787699
41_57,8.298
41_59,8.371202824895027
41_60,9.537055110837445
42_12,28.060715173542047
42_13,66.81183491593661
42_14,30.970062785032944
42_15,21.59539146112523
42_16,20.678775582779323
42_17,17.431541671429482
42_18,21.027960131445933
42_19,29.461592863515975
42_20,24.539019102878168
42_21,22.960917873148038
42_22,23.122311295224904
42_23,38.62947429193813
42_24,50.40075563358435
42_25,53.158797133494396
42_26,52.03793331043232
42_27,49.91712355704806
42_28,28.511645913718134
42_29,26.675972528022363
42_30,24.588622885545885
42_31,33.29666114987521
42_32,54.71619020544389
42_33,58.349519975635765
42_34,60.15692743046793
42_35,54.44784277599949
42_36,39.74241583345289
42_37,44.005674530710586
42_38,37.061
42_39,37.061
42_40,36.286205243385055
42_41,29.71378080973686
42_42,24.713294716160014
42_43,23.650649893284097
42_44,30.996692242298586
42_45,33.579261721329054
42_46,40.663660254193665
42_47,29.99521801595268
42_48,12.689056242989045
42_50,6.307138053137943
42_51,5.919505990599022
42_52,4.5284622349084005
42_53,3.96
42_55,4.1980760458794935
42_56,6.312100684988689
42_57,8.298
43_12,11.840996529345762
43_13,47.007136693988556
43_14,43.07265590774558
43_15,30.648433735249405
43_16,23.032029421711474
43_17,23.11561733826459
43_18,21.61414692579367
43_19,23.958593041149022
43_20,22.539955619048758
43_21,24.15020843945117
43_22,34.48926643569208
43_23,52.62942795129363
43_24,59.29772352646314
43_25,63.400239951547356
43_26,63.09496797035671
43_27,51.519562944592394
43_28,43.93771938517979
43_29,31.100700657000857
43_30,25.39795306174812
43_31,26.818502200592143
43_32,34.48553256803114
43_33,48.00891622033399
43_34,57.33295170787536
43_35,56.833743204114064
43_36,56.36320769699199
43_37,41.767418827729266
43_38,37.061
43_39,37.027699189471335
43_40,33.654585231039164
43_41,28.543008848079687
43_42,23.521969744156735
43_43,29.201524860935734
43_44,32.09762607717363
43_45,31.528815694726664
43_46,40.67755955139376
43_47,37.873180393555025
43_48,10.23591889545039
43_49,8.935481786035506
43_50,6.482891335631947
43_51,5.4235253008637345
43_52,4.528608938862769
43_53,5.186277658547191
43_54,5.840658852580394
43_55,5.623477835494334
43_57,5.969816886499093
43_60,6.110318751406291
44_12,13.955099087471487
44_13,30.806766632996347
44_14,41.76150724506975
44_15,36.55226460257335
44_16,30.557378404273386
44_17,47.3426051343222
44_18,37.36717305837127
44_19,25.12243124597618
44_20,19.62183920845762
44_21,23.84704696369061
44_22,39.995914459433095
44_23,55.00172973867712
44_24,58.701386522249614
44_25,64.11606874841009
44_26,69.85972395638468
44_27,59.55423184994878
44_28,52.15862177328089
44_29,39.15406782817623
44_30,35.03166586978019
44_31,41.44663541633485
44_32,52.587292519430484
44_33,54.34222578407078
44_34,61.01648555963294
44_35,62.287326691671105
44_36,63.18978978769904
44_37,42.391512684760144
44_38,38.518687130281656
44_39,33.1245414060293
44_40,39.972914256879285
44_41,38.19855873083364
44_42,32.63835879463045
44_43,58.489240026856045
44_44,60.58526516930398
44_45,62.89717290368329
44_46,38.72226510009332
44_47,13.597049160636082
44_48,10.348402476000086
44_49,11.260346647381635
44_50,9.162202998704053
44_51,7.908092978768585
44_52,3.8443942540874843
44_53,4.285896157520782
44_54,5.364967594936161
45_12,10.551643953899362
45_13,34.27538839674703
45_14,38.218752987384356
45_15,40.86204864876198
45_16,45.217320890197975
45_17,58.613767315126985
45_18,50.13908353586359
45_19,32.233794320737026
45_20,23.297693666736453
45_21,23.07288616970231
45_22,34.22006297183727
45_23,46.85437915798693
45_24,57.76813937030508
45_25,62.00403354457428
45_26,69.29596645163531
45_27,66.47015352741336
45_28,61.629172472598896
45_29,46.76741811622621
45_30,49.87984149870987
45_31,56.5998980150394
45_32,56.362533201801554
45_33,55.22174590188814
45_34,58.736209580878246
45_35,63.67076954994285
45_36,64.58338366101059
45_37,47.18582724177729
45_38,33.67910383042266
45_39,42.83797300245903
45_40,46.24401764506119
45_41,49.23989286644725
45_42,49.09305961342444
45_43,58.786341136688314
45_44,63.177159164071426
45_45,64.57565322251646
45_46,22.80851377522188
45_47,13.242456294622478
45_49,13.206921202218524
45_51,4.507
45_52,4.389038451102029
45_53,4.811026653537147
46_12,11.717231583970257
46_13,22.692292295394587
46_14,40.72086607197368
46_15,49.64198099456688
46_16,48.67635358564212
46_17,43.179712782565176
46_18,31.53109014223723
46_19,29.593593005411222
46_20,28.520705015272952
46_21,31.281643606826737
46_22,38.948699806457796
46_23,46.10090991761513
46_24,52.832096996969106
46_25,53.311463973296895
46_26,61.70202345276058
46_27,71.71877759323343
46_28,57.44586113147356
46_29,34.59734300307926
46_30,50.325915000876705
46_31,58.65136061743996
46_32,57.168290661600224
46_33,54.06450415646871
46_34,55.91996917000132
46_35,58.910616640208104
46_36,56.36713974479539
46_37,35.83191520384661
46_38,42.09455493629135
46_39,41.36317828125072
46_40,27.888165349812507
46_41,43.273164188823614
46_42,47.28964927812853
46_43,52.61745649157183
46_44,54.781597999066165
46_45,32.476176121822384
46_46,11.670448744999794
46_47,13.112091106772741
46_49,13.922037538901668
46_52,4.507
46_7,6.069438017495143
47_12,12.15234492142304
47_13,13.060571554555048
47_14,45.636995140941565
47_15,53.779626575968656
47_16,39.026407835497274
47_17,29.089236663262366
47_18,21.950272722145645
47_19,26.555261791837957
47_20,31.13281489935172
47_21,36.423762381818406
47_22,40.55393114212859
47_23,43.07090925611625
47_24,51.84130617052165
47_25,52.48546231658269
47_26,55.0614785919879
47_27,54.2764518752132
47_28,58.42794360138805
47_29,48.811357470627875
47_30,52.60578793282314
47_31,55.947819287721295
47_32,57.630713021811225
47_33,56.34015747963415
47_34,54.338574115726615
47_35,57.748519964298985
47_36,54.17028015589407
47_37,45.04327446639178
47_38,51.572622377385684
47_39,46.338390650036864
47_40,47.16353583304928
47_41,46.866467230210056
47_42,41.95891362286666
47_43,26.31720344540014
47_44,20.64828509360356
47_45,13.929127106318145
47_46,7.980599582835966
47_47,12.939812728848072
47_48,13.963
47_49,13.963
47_50,13.881401348991982
47_51,13.389732051832883
47_52,6.948562865158582
47_53,4.507
47_55,5.872796640244394
47_6,7.473561049239029
48_12,15.401550313253386
48_13,16.68849310785128
48_14,30.118201831552376
48_15,19.261885656811856
48_16,16.695068337382917
48_17,20.312228393707084
48_18,20.25935331499232
48_19,24.28209752250755
48_20,27.95504780233052
48_21,38.510803045442714
48_22,38.57885116413066
48_23,42.575170343121734
48_24,45.077886018813615
48_25,51.743756755634905
48_26,49.24965221719416
48_27,47.54576870484197
48_28,51.830741751023595
48_29,53.38559826624116
48_30,47.562853503005584
48_31,46.28299021565016
48_32,55.57073059640032
48_33,58.278064715457305
48_34,55.340520269236265
48_35,58.47859342335415
48_36,59.3096973500556
48_37,56.034416490445665
48_38,53.978151264949446
48_39,41.6907838369804
48_4,8.282141885178262
48_40,40.68174605708247
48_41,46.69076558090219
48_42,39.56973107052141
48_43,25.268819495969367
48_44,12.640920723941978
48_45,9.279021864670742
48_47,13.963
48_48,13.963
48_5,5.4227939567929315
48_50,13.963
48_52,12.521120396992606
48_53,7.0556524959639555
48_54,10.135740680943092
48_55,14.723952640689664
48_56,13.349104241867003
48_8,3.8183960221983995
49_10,3.805
49_11,4.866655253967098
49_12,8.053396538611999
49_13,12.51325180241364
49_14,13.053520275424946
49_15,15.775353153204554
49_16,15.530065365826161
49_17,18.075345925451696
49_18,20.237528752570288
49_19,24.164770654923036
49_20,34.17666015079996
49_21,39.79221354316965
49_22,42.96971743152299
49_23,53.45283971674131
49_24,43.03300896642422
49_25,46.03075027858891
49_26,46.86277493243286
49_27,45.41570954687825
49_28,46.18138112574455
49_29,49.80670292649355
49_30,49.05418513260707
49_31,49.83393191473768
49_32,54.62731694566501
49_33,55.72711002139194
49_34,54.77665338758891
49_35,59.388111853265876
49_36,55.14385284489343
49_37,44.56333572044002
49_38,53.119947504928575
49_39,49.98235254105401
49_40,41.81847831778218
49_41,57.20419681356873
49_42,38.02409078055836
49_43,25.575664127194035
49_44,16.255486153159524
49_45,11.136672091427606
49_46,9.833929812283863
49_47,13.855383063193226
49_48,13.963
49_50,13.192114942101684
49_52,12.42629754856042
49_53,8.936775979413463
49_54,9.239774781400847
49_55,17.07669666326318
49_56,10.922470519755544
49_57,5.612591228284728
49_6,5.804574825084135
49_7,7.493772517139824
49_8,5.364943277777663
49_9,3.805
4_20,9.57784211973649
4_21,9.855356868259147
4_22,13.186173966550863
4_23,13.461588621883786
4_24,13.334300817850552
4_25,6.8547015898361
4_28,9.456423765113867
4_29,9.212471249409054
4_30,6.531213801676447
4_31,6.267992157591397
4_32,5.8355663619946085
4_33,9.377245023943827
4_34,8.478847735784358
4_35,8.403629349153924
4_36,8.453635978826702
4_47,11.34835988031651
4_48,24.374433433003492
4_49,34.653701147793385
4_50,18.84460199703541
4_51,11.914733047434861
4_52,23.32525425265328
4_53,12.423867645486332
4_54,16.294993228685772
4_55,16.10448654188915
4_56,11.49829316030122
4_57,11.600912865667983
50_10,5.157971374894799
50_11,7.7705479053752144
50_12,5.868867598052694
50_13,8.822775906983708
50_14,13.949760634403198
50_15,15.999515197133809
50_16,19.66056094013055
50_17,22.537056380879733
50_18,23.65758651400068
50_19,22.5368856042004
50_20,37.58806783344535
50_21,45.70129047858047
50_22,42.872823079174694
50_23,48.00270011879573
50_24,43.32704716899083
50_25,44.223272668697994
50_26,47.476410695637114
50_27,46.94415280084294
50_28,48.02366059645452
50_29,49.804800434066124
50_30,55.38883000710695
50_31,58.602814165383926
50_32,59.346360666911224
50_33,55.90326117515324
50_34,56.03350974151852
50_35,58.50231618859213
50_36,53.51553540208613
50_37,53.66095872569214
50_38,41.32027533497844
50_39,39.096563996746454
50_40,46.285659198787215
50_41,38.28809441302378
50_42,23.64035190831137
50_43,13.142490599468966
50_44,10.078173011791979
50_45,9.79507468671024
50_46,9.713881983252003
50_47,14.025585899406156
50_48,15.400794273232883
50_49,11.694720249360804
50_5,7.6281962688845475
50_50,9.569706821739988
50_51,11.583123485310846
50_52,13.128221448296735
50_53,10.322378212965216
50_54,8.123611889219244
50_55,7.743549570537918
50_56,17.201989133183183
50_57,18.41850703055796
50_7,7.376612100458763
50_8,6.235809161114572
50_9,5.758538613733973
51_10,11.525348159627427
51_11,18.66405709295281
51_12,7.406134687999004
51_13,15.443851451704996
51_14,15.37095084023461
51_15,14.343867506232371
51_16,36.414212039103795
51_17,24.795810905108763
51_18,40.52662875642659
51_19,34.13123846185372
51_20,41.69519251774018
51_21,40.019423965525924
51_22,40.05350271299367
51_23,42.47722173319656
51_24,41.07641689778974
51_25,43.43380820108196
51_26,50.47268759526904
51_27,47.578086725849005
51_28,47.91981555630836
51_29,50.65075711125946
51_30,57.8357590553238
51_31,53.343987053994596
51_32,46.0965287227872
51_33,48.59502834890366
51_34,39.70516605637273
51_35,42.04783806947766
51_36,45.255022327948225
51_37,50.81968069103264
51_38,27.90598030040656
51_39,27.56443758733752
51_40,28.575747102743286
51_41,31.453124327846744
51_42,17.646539105786168
51_43,11.661251108322146
51_44,11.170149331662302
51_45,11.825470180472264
51_46,14.529655089745848
51_47,22.222917528123414
51_48,21.553101556204076
51_49,12.635060412335637
51_5,7.638
51_52,8.231143237878449
51_53,18.700906802584708
51_54,19.905109536349045
51_55,14.362916704664269
51_6,7.638
51_7,7.493845905696628
51_8,7.632988100474091
51_9,7.638
52_10,14.596244339147301
52_11,15.033157273857388
52_12,10.102497345727706
52_13,13.03928944315123
52_14,7.971163636706537
52_15,14.17522000141983
52_16,21.70349023516608
52_17,5.379180294451203
52_18,22.34324714559601
52_19,52.298652124315325
52_20,53.85269799894713
52_21,40.5179591373288
52_22,35.024950316139055
52_23,36.88873675024624
52_24,35.4877831631602
52_25,43.96330615958929
52_26,41.716261815651215
52_27,47.96821989374399
52_28,51.980675610987866
52_29,51.10054983288197
52_30,54.213735811772736
52_31,52.5120972899217
52_32,46.181187268580956
52_33,35.41973983166581
52_34,33.517609242546634
52_35,42.64772782069266
52_36,45.201
52_37,45.17752156232925
52_38,26.60050866896232
52_39,24.145568036434053
52_40,26.511375889366548
52_41,23.632097973418436
52_42,8.148022389415722
52_43,7.817383925140899
52_44,6.33531653106021
52_45,11.072650306187764
52_46,13.97595230336044
52_47,20.714313828784757
52_48,18.022481879926165
52_49,14.389387127262388
52_5,7.649054064517448
52_50,6.774904143598976
52_51,4.283218909931968
52_52,4.034189234048423
52_53,9.269564750991833
52_54,18.065649081217597
52_55,15.46630572815258
52_56,17.00404602546372
52_7,6.22131972125438
52_9,7.6028554265886
53_10,18.70780761021008
53_11,17.62418611004497
53_12,10.973702314137359
53_13,12.888000216689298
53_14,4.323667308976638
53_15,3.0833167818409937
53_16,3.5327131785399644
53_17,4.287
53_18,7.006175645080478
53_19,18.26684684123964
53_20,39.56669824521897
53_21,34.65320728885664
53_22,31.766760524017972
53_23,29.48485929899367
53_24,35.75551811813682
53_25,40.7682831574033
53_26,40.65443567707095
53_27,40.12161084551387
53_28,44.64633769241549
53_29,45.92567262890117
53_30,44.48458432688652
53_31,38.302156515047436
53_32,34.540424683331196
53_33,29.622070405710947
53_34,27.423442123276473
53_35,53.77599109821075
53_36,46.49879317222542
53_37,44.94126578740966
53_38,35.04944170154622
53_39,35.4457247999826
53_40,33.25958804554719
53_41,17.820538852974693
53_43,6.300035971682088
53_44,7.150688997186308
53_45,8.800600224534861
53_46,10.96271094176328
53_47,18.945855454428205
53_48,19.185353505141244
53_49,19.54989577129087
53_50,5.044929141356072
53_52,3.5503582116538617
53_53,4.459874363838625
53_54,7.862881181739493
53_6,7.737797189266861
53_8,6.788014805048302
54_10,16.924635796569618
54_11,15.078604131039288
54_12,9.71964829398969
54_13,4.4966064509696215
54_14,3.980834751600147
54_15,3.5335520278107824
54_16,3.611914713214428
54_17,3.4027612580438205
54_18,4.796020895862842
54_19,7.907915796184974
54_20,18.50235673792149
54_21,19.221388800499685
54_22,18.447118464868765
54_23,20.48085557089937
54_24,22.804287747812424
54_25,24.659630874032022
54_26,24.454713528202575
54_27,24.090074359909444
54_28,37.66216188031339
54_29,44.36824439294917
54_30,53.03780357066297
54_31,39.45876352488492
54_32,29.638145206641454
54_33,29.989372852528703
54_34,34.100563563142394
54_35,58.359824282007736
54_36,51.1065240336353
54_37,45.97546790932823
54_38,40.32666766309731
54_39,33.09919890305521
54_40,25.560055234157545
54_41,12.001290868323053
54_42,11.88870112103747
54_43,9.516715168177596
54_44,8.699125360723258
54_45,8.521520160266153
54_47,13.302388095575191
54_48,20.076238044677655
54_49,12.276400158145842
54_50,6.563866881455166
54_54,7.163974650287383
54_55,7.223
54_56,7.876099361417717
54_8,7.956
55_11,8.981006475508138
55_12,7.198411463492972
55_13,5.40658885196678
55_14,4.396350990126983
55_15,3.6851957774447004
55_16,3.79745106919113
55_17,3.2775776985744076
55_18,5.351683065184428
55_19,6.689082725166534
55_20,10.345362639083083
55_21,12.038192354958351
55_22,11.698597737704603
55_23,12.949143135041382
55_24,17.506396600325758
55_25,23.586423889268282
55_26,18.998716068773348
55_27,23.291960299062332
55_28,32.782165380627326
55_29,39.46695633033949
55_3,8.806930279987107
55_30,46.50758408906581
55_31,55.008637925670996
55_32,43.03162004945851
55_33,35.3134734598772
55_34,36.0022417270052
55_35,39.68488591184055
55_36,51.649906470122204
55_37,49.91201246429168
55_38,48.54431782803606
55_39,31.124599274046815
55_4,7.956
55_40,16.956340407159132
55_42,10.87069510067139
55_43,7.442129366045187
55_44,7.017244883903279
55_45,7.888760884717479
55_46,16.046686103444678
55_47,19.010173127042155
55_48,17.508505360713464
55_49,15.654746411786512
55_50,14.655404730074373
55_51,14.039584770905332
55_54,7.223
55_55,7.413578798990908
55_8,7.653436306628008
55_9,6.811993809110831
56_10,3.4788190446526133
56_11,4.25392056612944
56_12,4.2743331703567335
56_13,7.602782289925925
56_14,8.115902072334551
56_15,5.5771231495834055
56_16,3.9496707390019856
56_17,3.870684927577429
56_18,3.891281183847723
56_19,4.5082972906814796
56_20,17.133216838555317
56_21,20.06795251688459
56_22,30.521100293720195
56_23,22.14299490115278
56_24,29.230939149986607
56_25,22.976776288730363
56_26,23.812884761064772
56_27,33.08144107857823
56_28,51.4179022556236
56_29,62.90177279031031
56_30,56.16485690224458
56_31,57.68190902566058
56_32,47.08146646010119
56_33,51.67598295415493
56_34,49.159266476057205
56_35,13.201326759567106
56_36,38.618963377184215
56_37,55.780881318375265
56_38,59.40299673356158
56_39,49.19014060806803
56_40,18.076161292886255
56_41,13.598608186114355
56_42,9.56483637497704
56_45,9.72774396279563
56_46,14.78804929970332
56_47,17.107198007838623
56_48,33.72797914124542
56_49,36.36520434926125
56_50,19.295245659570092
56_51,14.564
56_54,10.033919378602796
56_6,7.956
56_7,7.73433708848198
56_8,5.155884882701973
56_9,4.462372254511129
57_10,3.7910451147033455
57_12,4.146664319960828
57_13,6.430932014376371
57_14,5.796136580025006
57_15,8.509837325920975
57_16,5.918647125465151
57_17,4.807509326776192
57_18,5.297343736763041
57_2,6.702459892281746
57_20,26.44543481300149
57_21,24.282346099508644
57_22,28.311509086790068
57_23,25.857020110162047
57_24,33.78937368961583
57_25,35.8296281396038
57_26,45.38935700482343
57_27,48.56532848178211
57_28,46.80439724412844
57_29,50.39773244212974
57_30,54.25705044109636
57_31,54.815097422473244
57_32,51.62377769307204
57_33,55.850885590972965
57_34,42.18155860236964
57_35,11.414508676037148
57_36,26.105909946686797
57_37,52.300856925618056
57_38,61.623915035641936
57_39,45.017419261849575
57_40,26.821080164880478
57_41,14.814036464007662
57_42,8.827657460981374
57_44,12.701214377645368
57_47,16.145905380404987
57_48,32.11475977459254
57_49,37.82787509823136
57_6,5.217032808959642
57_7,4.489604145464553
57_8,4.224781390323596
57_9,3.344317693044252
58_0,12.157060296208158
58_1,4.452033414732511
58_10,2.516052918828332
58_11,3.675407522319947
58_12,4.237363714973959
58_13,3.79228878749732
58_14,4.700540881884703
58_15,9.387970065629702
58_16,15.979237160785306
58_17,14.604951276254967
58_18,10.762289487505655
58_2,11.661312318320665
58_20,18.77845192813167
58_21,16.860806315357767
58_22,13.961356136947419
58_23,18.299470357324566
58_24,20.93371194121962
58_25,37.45667573388012
58_26,50.107363417722084
58_27,58.50888134163362
58_28,55.72293312782906
58_29,49.43795035367315
58_3,15.97876838770656
58_30,54.09203720112415
58_31,55.29031738611814
58_32,52.34855498159433
58_33,53.98617054476745
58_34,33.574097698382495
58_35,13.655538464291888
58_36,21.481024206948835
58_37,38.806187964660715
58_38,59.2472210187752
58_39,43.689911186047986
58_4,7.354327249121529
58_40,31.44979197115397
58_41,20.366280451195365
58_48,16.400915113853404
58_49,29.358222485410234
58_5,2.899
59_1,18.061024364605792
59_10,2.325957237866999
59_11,4.17825186829837
59_13,3.5903541974442668
59_14,3.425961113492387
59_15,9.59851480829002
59_16,14.8919146513562
59_17,16.879339980046964
59_18,15.939475368260611
59_19,13.374472954932651
59_21,15.263610966259094
59_22,12.259192929541378
59_23,18.329340340182586
59_24,18.864079099614074
59_25,34.042727858859124
59_26,56.625185052386485
59_27,64.95509272405967
59_28,55.11328752076495
59_29,49.495666048378865
59_30,53.81180706651206
59_31,50.570342209383966
59_32,50.87968016808056
59_33,53.946443510927004
59_34,32.9938101173952
59_35,10.665012135233411
59_36,17.00707745062322
59_37,30.179826590866348
59_38,34.87349856026003
59_39,33.03215090959211
59_4,6.592528011759994
59_40,33.029
59_41,32.423154671022104
59_42,24.3312705564005
59_43,14.581864871613814
59_46,14.558115749802289
59_47,13.784995565094672
59_48,11.691024662915718
59_49,12.90339000385035
59_5,2.810922075429782
59_6,2.899
5_20,10.37710042208435
5_21,11.161138457108736
5_22,19.048704706237096
5_23,20.457055566262145
5_24,15.75095151958919
5_25,8.817293159556447
5_26,17.40073921555356
5_27,22.225238791603495
5_28,24.461055559895925
5_29,18.64027813539606
5_30,11.663984336720908
5_31,7.543972637731906
5_32,13.13117598613536
5_33,16.457425777244797
5_34,13.801125755840669
5_35,10.927947142691547
5_37,14.40721240677461
5_46,13.31004381249311
5_47,11.856795654824873
5_48,27.946419109610012
5_49,36.943320837274726
5_50,11.735978776267753
5_51,11.1800656984957
5_52,11.240302845976007
5_53,10.96736581468138
5_54,10.152746341347644
5_55,8.621964962575793
5_56,9.776167753987608
5_57,10.541245410191419
5_58,10.726983816027754
5_59,10.22156940977785
5_60,10.024976603038548
60_11,3.8771625620281207
60_13,5.146426066794284
60_14,7.2909680797869285
60_15,8.187356301612173
60_16,6.94818571207177
60_17,8.86743133596152
60_18,10.10588496408371
60_19,13.528799641586703
60_20,15.328462659901378
60_21,14.430068247998857
60_22,13.385288874120283
60_23,19.12708266709087
60_24,18.43124814365768
60_25,17.871420645905342
60_26,29.753771622405985
60_27,54.13395507418934
60_28,35.50865562198381
60_29,46.75788558195415
60_30,49.48424812194142
60_31,42.47956923273124
60_32,49.33919719210358
60_33,50.097322009867526
60_34,25.40699047262951
60_35,11.231754897677511
60_36,13.988304731718017
60_37,29.62036885097472
60_38,33.029
60_4,4.085936433349309
60_41,23.82497051671475
60_44,14.564
60_47,10.595
60_8,13.189601462092536
61_10,2.550399892290291
61_12,6.069
61_13,6.069
61_14,6.219457161601705
61_15,5.982
61_16,5.982
61_18,13.605531343820816
61_19,16.979462706415156
61_20,16.42603484255656
61_21,13.6960818400572
61_22,16.717570652841335
61_23,18.6081833713725
61_24,19.286541546664466
61_26,17.562434378250458
61_27,20.269261546090497
61_28,36.721157106615586
61_29,38.274523936235695
61_30,52.74981254746869
61_31,32.973225400873766
61_32,50.96806425955526
61_33,41.54712706859913
61_34,27.53141057885533
61_35,35.6328580879623
61_36,39.26660678635539
61_37,21.15787614190609
61_42,14.56143729861261
61_44,13.125027272975974
61_5,2.3441893126457405
61_6,3.117366031658326
61_7,8.52043149067792
61_8,5.87133949869972
61_9,1.6144848549338207
62_11,6.065836420212341
62_12,6.069
62_13,6.069
62_16,5.982
62_17,11.999773021169307
62_18,17.808
62_20,18.10977381726444
62_21,17.880717056922126
62_22,18.57
62_23,18.57
62_24,18.57
62_26,17.449833653233313
62_27,20.0651925160696
62_28,43.68715569809811
62_29,51.31574046454485
62_30,51.49669952732067
62_31,40.56516812980033
62_32,30.539435077028827
62_33,33.08863697827474
62_34,41.89486108588314
62_35,49.8863093151606
62_36,31.055712724300573
62_37,11.974
62_4,2.137
62_5,2.137
62_6,2.3038441361216457
62_7,3.7985179291642455
62_8,3.4424979746661544
62_9,2.7469594463486655
63_13,10.439341146052811
63_15,6.183650527532226
63_16,6.159224349182089
63_17,15.875253126490895
63_18,17.808
63_21,18.57
63_23,18.57
63_24,18.57
63_25,18.57
63_26,19.19780314977053
63_27,21.43232740295453
63_28,44.418314914482025
63_29,55.45448747918281
63_3,4.4465922682504875
63_30,53.99868372888557
63_31,39.4573907415205
63_32,34.382114659326845
63_33,43.538587045202966
63_34,25.463940753941817
63_35,18.883162645132376
63_36,10.916730711934774
63_6,4.651075716132394
63_7,4.858402940194788
63_8,5.413727209693866
63_9,9.11190983135649
64_10,5.457158573237485
64_11,6.6896855480724176
64_12,15.120813504561298
64_14,17.808
64_17,17.808
64_22,18.57
64_23,18.57
64_24,18.57
64_25,18.57
64_26,18.908357580721393
64_27,31.080081556541924
64_28,49.56162033172163
64_29,50.494440446825294
64_30,46.96609225451525
64_31,36.626589862726775
64_32,23.70412255654084
64_8,10.559837409413374
64_9,9.00543032047636
65_10,11.996197838473911
65_17,17.808
65_20,18.57
65_21,18.57
65_22,18.57
65_23,18.57
65_24,18.57
65_25,18.57
65_26,18.91838786617872
65_27,23.007155981014
65_28,40.97071470879862
65_29,48.25392599797019
65_30,37.02815414345014
65_31,16.89772701859876
65_7,5.558372397815447
65_9,10.683636745292963
66_10,14.631716489053247
66_13,17.808
66_17,12.11103388263906
66_22,18.57
66_23,18.57
66_26,18.604308203063027
66_28,20.370513763712733
66_29,35.02513472749777
66_30,15.821583265616534
66_5,15.536476536409982
66_9,18.377007994769013
67_20,12.963249007980718
67_21,11.026184734195269
67_22,17.917450630104955
67_23,18.57
67_24,18.57
67_26,18.978852797792143
67_27,17.16781917877826
67_28,16.458490947682517
67_29,14.309221384304456
67_6,21.014
68_15,5.813
68_18,10.523438351548092
68_19,9.367805370572384
68_21,5.813
68_22,16.184870672813336
68_23,18.57
68_3,21.014
69_11,5.834197159707024
69_12,5.879299531645933
69_15,5.813
69_16,5.813
69_17,5.813
69_18,5.813
69_22,15.297577609408908
69_24,23.13805559448821
69_3,21.014
6_20,8.982711380411924
6_21,5.18649615798199
6_22,8.554379768486255
6_23,15.208279114868192
6_24,21.62444269099183
6_25,17.600165967485548
6_26,18.154103816680447
6_27,18.4900836293317
6_28,14.928424907649466
6_29,14.852541350024136
6_30,9.902256834031522
6_31,7.109065787879369
6_32,17.343325393215046
6_33,25.108371914065295
6_34,13.179373021290562
6_35,8.562561001329522
6_36,11.38770554471931
6_37,14.24503674557426
6_46,17.288183986636874
6_47,17.060338810610475
6_48,16.24086051109959
6_49,13.519506409530095
6_50,19.279752545339164
6_51,14.081383543659475
6_52,11.362483389914107
6_53,11.142561578324846
6_54,15.339869863178446
6_55,22.53514807017828
6_56,14.680212041283784
6_57,13.930322974723273
6_58,13.36987231182232
6_59,18.52552584587893
6_60,32.00009528351497
6_61,22.758027140721854
70_21,5.872647863122589
70_22,17.74260777904989
70_9,18.541657573623386
71_12,15.009195151760629
71_16,7.198221628680886
71_21,22.541967922982412
71_7,21.014
72_12,8.49397512475213
72_14,7.199
72_15,7.199
72_19,12.62778408250434
72_20,21.40448915127459
72_7,21.01149274721213
73_13,7.199
73_4,19.580624882924162
73_9,12.248741825451859
74_18,11.158890081941383
74_22,24.371
74_9,6.0082533387805395
75_10,4.89828035715981
75_11,4.893649947999569
75_19,16.576
75_20,16.576
75_21,22.51123753365895
75_8,6.294594849889759
75_9,2.261327070035643
76_10,3.582912006649013
76_13,7.199
76_14,9.070376879413521
76_20,15.542838484084903
76_21,19.45629436919365
76_7,10.76419119841098
76_9,3.5983748072196597
77_19,16.130772368430293
77_20,13.035330827620694
77_7,9.195308785553811
77_8,4.819
78_17,11.127
78_8,4.819
78_9,4.818943667051703
79_20,11.127
79_23,11.127
7_21,4.824567207310075
7_22,8.668698082137785
7_23,10.314093802589866
7_24,26.087328436278842
7_25,28.268762292469866
7_26,21.189709514431062
7_27,19.37119528371984
7_28,22.272339808752108
7_29,20.87041643047666
7_30,11.722673974504591
7_31,13.668903091175888
7_32,15.08889101734082
7_33,16.588122034592264
7_34,13.621283408236495
7_35,8.058
7_36,11.021371879954266
7_37,14.060668531223886
7_39,16.385280273362305
7_46,13.800079686437961
7_47,12.680537603476624
7_48,12.934593656081056
7_49,15.159130875912494
7_50,22.127587775860484
7_51,25.345179115839745
7_52,16.15528997381879
7_53,22.589037111290637
7_54,30.11275531751984
7_55,29.782208714622055
7_56,34.1408040809734
7_57,19.247192883654392
7_58,15.665241857044798
7_59,21.425272383087513
7_60,28.732480011348116
7_61,16.30829603153445
7_62,17.74436739295228
80_12,4.819
80_13,6.484735402434018
80_15,11.127
80_20,11.127
80_24,11.127
81_15,11.11653578475493
81_19,14.055223756946102
82_10,7.988797224386438
82_11,9.14673914802475
82_12,15.345719359937057
82_13,16.578880024537845
82_14,16.17058494691469
82_15,10.845508990038727
82_16,11.802963961850413
82_18,16.097
82_19,16.097
83_10,10.387668370585892
83_11,12.467575760983749
83_12,19.940623777817937
83_13,26.44360684291504
83_14,18.912735552444573
83_15,9.043018797887525
83_18,16.097
83_19,16.097
83_20,15.957217308619212
83_23,14.805369158533795
83_9,7.63776763683812
84_10,40.19829442476327
84_11,39.43490374987344
84_12,27.442745898217687
84_13,38.604772521353546
84_14,51.165042716373286
84_15,6.142405507983606
84_16,14.575849813972098
84_18,16.097
84_23,16.097
84_8,6.724711805875832
85_10,51.338
85_11,49.1351727881561
85_12,36.43861791264175
85_13,42.29502238454516
85_14,24.874874326050097
85_15,6.720140413984205
85_16,9.203820774464283
85_18,16.097
85_9,13.553390133013155
86_10,35.87560876102141
86_11,41.14213905518084
86_12,22.617458614340933
86_13,20.228620201252674
86_14,10.706183206929953
86_15,6.717768014601312
86_16,5.776898841769789
86_17,11.388835749204194
86_18,14.119703566410596
86_21,16.097
86_22,16.097
86_9,8.458578378324411
87_10,32.38380932846444
87_11,27.468002957032496
87_12,20.632988446851016
87_13,14.303971888044925
87_14,9.09158533523421
87_15,9.935524972315429
87_16,8.438
87_17,14.986815500748122
87_18,10.857874122465754
87_19,9.755402792595195
87_7,11.947110635669699
87_8,11.30363083243066
87_9,14.182184046020662
88_10,25.02487997889853
88_11,20.641512589719497
88_12,13.858986356564255
88_13,12.038758591063733
88_14,28.431774294141004
88_15,7.471173195815501
88_16,8.223356648335272
88_17,13.193663067890208
88_18,12.743
88_19,10.848644878285516
88_20,11.383520539625447
88_6,11.605321957263246
88_7,10.967799505316995
88_8,12.071311958847417
88_9,13.712853167573329
89_10,11.287182144556388
89_11,9.317899092614192
89_12,9.586983708183464
89_13,11.973752311557625
89_14,17.586459610039967
89_15,9.940898653004748
89_16,11.949843491505343
89_17,12.184905835275883
89_18,12.55470879775239
89_20,12.803324396392245
89_21,16.42486830734608
89_22,18.467593448999466
89_23,18.174106881528523
89_4,11.549927436607225
89_5,10.672
89_6,10.672
89_7,11.20919018187825
89_8,12.332304836262406
89_9,15.673598688076583
8_21,4.022
8_22,7.79970277782847
8_23,19.14283024566354
8_24,26.54141313211777
8_25,22.943010735968308
8_26,29.66608359068992
8_27,18.206635860282315
8_28,28.785120217748236
8_29,38.034801380103765
8_30,24.43774827684229
8_31,21.98953170041778
8_32,19.35571311429228
8_33,15.651873853618305
8_34,10.784175321944424
8_35,8.7600356663791
8_36,13.992609987022053
8_37,12.089889419064674
8_39,9.112174137653689
8_40,8.84250194444375
8_46,13.995614092912803
8_47,9.97466210289982
8_48,13.485479605749129
8_49,20.65817281734435
8_50,30.062194392229316
8_51,43.27604555914389
8_52,45.512829799511024
8_53,40.03891958299369
8_54,38.46349907533665
8_55,43.55856600709447
8_56,43.35740472237799
8_57,38.85393478738104
8_59,23.272004790554956
8_60,23.226422716400922
8_61,22.986707392962487
8_62,13.009682672048974
90_10,7.673990888812402
90_12,12.235545542902365
90_13,13.236332589249674
90_14,11.093926275444305
90_15,11.80246007954494
90_16,11.08171011507925
90_17,11.81800104231662
90_18,12.097811149578586
90_19,12.724909958094981
90_20,12.743
90_21,15.18419093973997
90_22,19.83442342962306
90_23,20.072
90_24,20.072
90_26,21.505491289310616
90_8,6.889570913468189
90_9,7.307249032816501
91_10,8.022853285870662
91_11,13.272228061012607
91_12,15.031708648963143
91_13,19.654273011969295
91_14,13.669416888148184
91_15,14.360872016649349
91_16,15.21064100452793
91_17,21.976884726284194
91_18,14.86283764458764
91_19,19.653440881980817
91_20,21.240421695988005
91_21,25.772051429791624
91_22,19.91969723234959
91_23,20.072
91_24,20.071426644532725
91_25,22.7448855132929
91_7,9.911407813585576
91_8,10.003498109357261
91_9,7.72018604857964
92_10,9.737457635604823
92_11,13.117219616967544
92_12,17.961832843209624
92_13,21.517858872215463
92_14,25.460775164199617
92_15,21.600147236888837
92_16,25.318922241521562
92_17,25.696287183128383
92_18,31.246345379580664
92_19,22.596661019225824
92_20,19.9296892633138
92_21,18.765272858195893
92_22,19.206683318431633
92_23,19.961581844187762
92_8,7.807132999848076
92_9,6.8952897823157135
93_10,9.916380807676306
93_11,10.457641149721265
93_12,21.510221335524147
93_13,32.55589395928002
93_14,35.87916398083182
93_15,44.6886172087345
93_16,35.355431996829275
93_17,32.266843672321116
93_18,35.46731486850412
93_19,36.278319275408734
93_20,26.3493090551526
93_21,24.037852690425925
93_22,19.40380817214921
93_23,19.657700352126845
93_7,6.02623375560413
93_9,7.6550841668065415
94_10,9.88510848300097
94_11,8.457378645640109
94_12,16.216426029747126
94_13,21.7384795017056
94_14,27.2099930870582
94_15,40.64550945281136
94_16,30.415832822853535
94_17,30.95891725054046
94_18,26.718537644775225
94_19,28.573731869774093
94_20,34.61123833496386
94_21,36.09744789503876
94_22,23.412818337203564
94_23,21.89443575205436
94_6,4.713685790790482
94_7,5.180858520666177
94_8,3.716831519969248
94_9,4.996787293194415
95_10,19.992164669914587
95_11,11.479726141858254
95_12,16.12898311836493
95_13,21.193338070666687
95_14,47.35690897942172
95_15,60.969741630269176
95_16,43.56428028771522
95_17,42.401117059598825
95_18,39.76772186566145
95_19,32.4918964131898
95_20,33.765383977150776
95_21,30.571563513732514
95_22,32.59868343488852
95_23,22.964311012434695
95_7,15.100844542298812
95_8,16.324415572444284
95_9,19.153238645027606
96_10,16.744519938386617
96_11,15.64824463479313
96_12,18.676297248224685
96_13,23.385135311556894
96_14,29.713202428538576
96_15,50.17590624538578
96_16,45.58491367440456
96_17,44.490746496406175
96_18,44.703495612392864
96_19,43.09068289156198
96_20,41.89541210615464
96_21,37.52196485841324
96_22,34.454549492534426
96_23,26.167644797112327
96_24,14.212206811417273
96_7,20.858015663011983
96_8,16.71976267899154
96_9,22.102206041905227
97_10,23.02446688835305
97_11,24.653724811574016
97_12,24.087993803974403
97_13,24.483258692633882
97_14,29.421093921512128
97_15,36.4711543587292
97_16,43.82739197604263
97_17,46.82792977270614
97_18,48.80756179661761
97_19,45.598758708524315
97_20,45.02717286897031
97_21,41.85283017642409
97_22,37.23888703627745
97_23,34.69405537516357
97_24,28.706696998849583
97_25,23.348797932198917
97_8,24.230976704222886
97_9,25.17030683859408
98_10,16.908617269567568
98_11,23.72243501086175
98_12,23.842622153465598
98_13,23.00256210994434
98_14,26.51735766504969
98_15,35.344150776723055
98_16,32.909748068970906
98_17,32.82935309951261
98_18,35.94450798192553
98_19,37.434412113150415
98_20,29.27681838503632
98_21,27.019920310805677
98_22,32.20940505603233
98_23,26.583772374162105
98_24,28.640889216024256
98_25,18.750389253133743
98_7,19.339680024110542
98_8,17.97481794655847
98_9,18.9056389899892
99_10,17.921854116817148
99_11,46.01411891720659
99_12,30.05426855095695
99_13,20.62082748754471
99_14,20.50376307963179
99_15,23.69801516524892
99_16,23.294182640867103
99_17,26.226008796004987
99_18,29.783646902362342
99_19,46.74996269855197
99_20,47.392116030809795
99_21,38.288985841880475
99_22,37.4269659029797
99_23,25.217045800492713
99_24,25.30158648141069
99_25,13.525
99_7,22.41
99_8,23.74001918335127
99_9,26.884958398989124
9_17,4.301683419365977
9_19,4.343
9_20,4.542342276211292
9_21,4.801455327824324
9_22,9.692203640214107
9_23,23.99780962955347
9_24,24.702777137249655
9_25,19.220475345835048
9_26,8.45559500194814
9_27,8.719126274745822
9_28,28.70141727188099
9_29,41.39941382971527
9_30,42.21413696370692
9_31,33.02994215847807
9_32,42.594093337943896
9_33,36.43655299853652
9_34,22.320469048314706
9_35,18.99358958155448
9_36,16.699487331450882
9_37,11.070927439643796
9_38,16.232308311422308
9_40,9.055890528018903
9_41,9.028495973050829
9_43,15.082439072393349
9_44,12.912876494940512
9_45,13.54017748405374
9_48,16.141494777410607
9_49,24.945741104892814
9_50,31.82756149671318
9_51,46.2018550319911
9_52,54.71539799492082
9_53,44.10953927142541
9_54,42.10040750086572
9_55,43.65158688149826
9_56,42.13010327848275
9_57,42.26528178639768
9_59,25.544096510185717
9_60,33.59197500751045
9_61,29.080008544848994
9_62,22.113671599669132
